method,seed,gpu_name,epochs,wall_clock_h,epoch_time_s,peak_memory_gb,energy_kwh,mean_power_w,params_trainable_m,params_total_m,forward_gflops_per_sample,train_pflops_approx
mask,22,Tesla T4,100,1.1691958056911114,42.028432955000426,2.162186622619629,0.07473385277777778,64.2875578624915,2.127372,2.127372,0.24304,1.278584832
mask,54,Tesla T4,100,1.07867296071,38.78114509099987,2.162186622619629,0.0702368586111111,65.09089799568626,2.127372,2.127372,0.24304,1.278584832
mask,71,Tesla T4,100,1.083662273993611,38.945726177000324,2.162186622619629,0.06995020277777778,64.57400822204767,2.127372,2.127372,0.24304,1.278584832
denoise,22,Tesla T4,100,1.0980848208561111,39.4529078810001,2.162186622619629,0.070685775,64.31777761680551,2.127372,2.127372,0.24304,1.278584832
denoise,54,Tesla T4,100,1.1219496680105554,40.30708764100018,2.162186622619629,0.07221602333333334,64.34715679918966,2.127372,2.127372,0.24304,1.278584832
denoise,71,Tesla T4,100,1.1772313921677777,42.3625893200001,2.162186622619629,0.07522377166666666,63.92387486119829,2.127372,2.127372,0.24304,1.278584832
simclr,22,Tesla T4,100,1.9854738015833335,71.51574591300005,2.469146728515625,0.12731008916666667,64.01784465073635,1.969152,1.969152,0.16494336,0.861400203264
simclr,54,Tesla T4,100,1.816732065034722,65.11183084799995,2.469146728515625,0.11795250416666667,64.93673161338803,1.969152,1.969152,0.16494336,0.861400203264
simclr,71,Tesla T4,100,1.929808859673889,69.44025363699984,2.469146728515625,0.12393870305555556,64.10981633555386,1.969152,1.969152,0.16494336,0.861400203264
byol,22,Tesla T4,100,1.9291963684841669,69.28826233000018,2.4784326553344727,0.12595588972222221,65.25758599552044,2.035328,4.00448,0.330148864,1.7241694273536
byol,54,Tesla T4,100,2.027238654141389,72.85876198899996,2.4784326553344727,0.13049551305555557,64.34872370081611,2.035328,4.00448,0.330148864,1.7241694273536
byol,71,Tesla T4,100,2.0668535462174997,74.30036291299984,2.4784326553344727,0.13314633472222223,64.32552128567104,2.035328,4.00448,0.330148864,1.7241694273536
