comparison,method,seeds,cka_bn_stem,cka_bn_stage1,cka_bn_stage2,cka_bn_stage3,cka_bn_stage4,cka_bn_embedding
pretrained_vs_random_init,mask,22,0.8158859424741495,0.6632475585677986,0.4947651050559204,0.08914639711966461,0.09464885218074356,0.028852666030657226
pretrained_vs_random_init,mask,54,0.8078842860460114,0.5638422470871678,0.4264577967369371,0.11587448604543436,0.11642394843474602,0.0311339552987691
pretrained_vs_random_init,mask,71,0.7821155861368684,0.5220966999272361,0.33018910778257143,0.09838103431597353,0.08327187242691525,0.01728011730319412
pretrained_vs_pretrained_other_seed,mask,22-54,0.9556827156181383,0.9299229942402691,0.8927892653675507,0.5928145046622316,0.6161794568863131,0.17988506062216864
pretrained_vs_pretrained_other_seed,mask,22-71,0.9488043873733101,0.8709099530743754,0.8768838106310021,0.5661263965668725,0.6017382491615534,0.16159335146874362
pretrained_vs_pretrained_other_seed,mask,54-71,0.95605449819897,0.861776191688057,0.8675266874504377,0.8588924749780774,0.8496466557779391,0.6098390204076306
pretrained_vs_random_init,denoise,22,0.7634102366854072,0.7107038500967805,0.6265815083588208,0.0015494773788776034,0.0015258923849881091,0.0019389793558300893
pretrained_vs_random_init,denoise,54,0.9046870512648283,0.7533326563464309,0.5897181134286644,0.00197166008379271,0.0021655480170593754,0.0018350707181793787
pretrained_vs_random_init,denoise,71,0.7957591501898141,0.6639021960636358,0.49371217531739836,0.0002650894702545259,0.000267585486576795,0.0002362423170167563
pretrained_vs_pretrained_other_seed,denoise,22-54,0.9636792301755668,0.9748259005220691,0.9711863852598936,0.7288060907612702,0.7283874723679409,0.6871343620636362
pretrained_vs_pretrained_other_seed,denoise,22-71,0.9646806386322963,0.977241234875862,0.9705841151975751,0.6389374146757988,0.6386064696943856,0.6252251066541055
pretrained_vs_pretrained_other_seed,denoise,54-71,0.9522444564652229,0.9719700930631888,0.9712236901419404,0.5753763448454542,0.5754376193663368,0.5604548033081103
pretrained_vs_random_init,simclr,22,0.7067435830057944,0.459566948578852,0.34515298534347294,0.06923419222388807,0.05950911814917989,0.06405808437956209
pretrained_vs_random_init,simclr,54,0.6161931309964718,0.3021090360820349,0.22588071171090732,0.03973275784596365,0.029744096819582955,0.036055438507540845
pretrained_vs_random_init,simclr,71,0.6000848725922664,0.33513083318473713,0.16131787121827626,0.031349315780437724,0.022396227240709908,0.028736067343229026
pretrained_vs_pretrained_other_seed,simclr,22-54,0.9559722514934813,0.9413778888224174,0.9606377305975753,0.9697150069532463,0.9666638168608154,0.9729013507232506
pretrained_vs_pretrained_other_seed,simclr,22-71,0.9547407873188131,0.9320239699318524,0.9559027790550633,0.96967237087078,0.9717121871262797,0.9757839607528405
pretrained_vs_pretrained_other_seed,simclr,54-71,0.9514398128928624,0.9282075206085084,0.951873476881843,0.9613733153140568,0.9554070640994562,0.965744768034433
pretrained_vs_random_init,byol,22,0.7809510027590771,0.590745215548628,0.39533291548339394,0.11690732004656981,0.10897932538277226,0.11430461458307052
pretrained_vs_random_init,byol,54,0.779099619608654,0.42607676230563,0.3431988070804808,0.18641053333861587,0.16586328249719398,0.17563858419664694
pretrained_vs_random_init,byol,71,0.7308416064820469,0.4155716140050203,0.20360300174864118,0.10180570212092085,0.10056245060625732,0.09358148922924284
pretrained_vs_pretrained_other_seed,byol,22-54,0.9209208616660648,0.9555274924050289,0.9501061590114466,0.5894054192060578,0.5375455365456133,0.5806880102896732
pretrained_vs_pretrained_other_seed,byol,22-71,0.9429336364449614,0.9446899030741034,0.9128277647329075,0.5720655841013325,0.5163395479123422,0.53572466875721
pretrained_vs_pretrained_other_seed,byol,54-71,0.939122673327835,0.921895989585864,0.8630253992668898,0.38854146694426583,0.30124176180893775,0.3339374617149009
