family,metric,method,protocol,reference,fraction,delta,ci_test_lo,ci_test_hi,ci_hier_lo,ci_hier_hi,se_hier,p_hier,n_seeds_positive,delta_seed22,delta_seed54,delta_seed71,p_holm,significant
vs_scratch,auroc,mask,frozen,baseline_full,0.01,0.06960815,0.05036315,0.08723032,0.030249711,0.106260076,0.019410396,0.000335624707583756,3,0.10742968,0.05249244,0.048902333,0.019466233039857846,True
vs_scratch,auprc,mask,frozen,baseline_full,0.01,0.043969512,0.03582598,0.060586054,0.026809622,0.06875104,0.010753829,4.337397636672579e-05,3,0.052465558,0.05294203,0.02650094,0.002107070906270312,True
vs_scratch,auroc,mask,frozen,baseline_full,0.05,0.022996088,0.00961466,0.034012083,0.004530682,0.03880577,0.008655831,0.00789058114241176,3,0.012578309,0.025158882,0.031251073,0.3550761514085292,False
vs_scratch,auprc,mask,frozen,baseline_full,0.05,0.027119048,0.018649442,0.04104773,0.0091611985,0.05777522,0.013158409,0.03930616589564084,3,0.011829242,0.016726092,0.05280181,0.9826541473910211,False
vs_scratch,auroc,mask,frozen,baseline_full,0.1,-0.005553941,-0.016930016,0.0048387684,-0.021562582,0.009408806,0.008017431,0.4884769807427109,1,0.0027923584,-0.013966322,-0.0054878592,1.0,False
vs_scratch,auprc,mask,frozen,baseline_full,0.1,-0.003191198,-0.015526411,0.011874841,-0.01663208,0.016073326,0.008108075,0.69388912680305,1,-0.0024260134,0.0001231283,-0.0072707087,1.0,False
vs_scratch,auroc,mask,frozen,baseline_full,0.25,-0.0034671228,-0.013597128,0.0044686506,-0.024151666,0.016467676,0.010705013,0.7460300614014796,1,-0.010956764,0.017391205,-0.016835809,1.0,False
vs_scratch,auprc,mask,frozen,baseline_full,0.25,-0.017778382,-0.028694704,-0.0040030996,-0.033931978,0.0019046655,0.00907979,0.05022803956908099,0,-0.028681502,-0.008917347,-0.015736297,1.0,False
vs_scratch,auroc,mask,frozen,baseline_full,1.0,-0.04997629,-0.061855014,-0.039446186,-0.06205265,-0.038993288,0.0059705386,5.738263810865175e-17,0,-0.04911405,-0.051485837,-0.049328983,4.533228410583488e-15,True
vs_scratch,auprc,mask,frozen,baseline_full,1.0,-0.12232041,-0.14822534,-0.10069787,-0.15209645,-0.099833384,0.013291986,3.4949293409417915e-20,0,-0.11881359,-0.1252804,-0.12286724,2.5862477122969257e-18,True
vs_scratch,auroc,mask,partial,baseline_full,0.01,0.0608145,0.04108034,0.08195594,0.012580384,0.111788444,0.026182454,0.020194222530280054,3,0.117281795,0.02954793,0.035613775,0.7457894496315668,False
vs_scratch,auprc,mask,partial,baseline_full,0.01,0.043990064,0.035975296,0.056025673,0.027677897,0.062014047,0.008695212,4.212101454087985e-07,3,0.050697908,0.049357288,0.031915,2.485139857911911e-05,True
vs_scratch,auroc,mask,partial,baseline_full,0.05,0.021385929,0.006705297,0.03248448,0.0023999189,0.037860546,0.008776156,0.014816976160112355,3,0.014285684,0.01897037,0.03090173,0.5630450940842695,False
vs_scratch,auprc,mask,partial,baseline_full,0.05,0.024769975,0.0153123485,0.037263718,0.011560638,0.040429045,0.0071605123,0.000541689065336091,3,0.027671486,0.017846629,0.028791808,0.02112587354810755,True
vs_scratch,auroc,mask,partial,baseline_full,0.1,-5.3366024e-05,-0.011256687,0.009007208,-0.0142022595,0.0129011925,0.0069772983,0.9938974211314547,1,0.0018293262,-8.404255e-05,-0.0019053817,1.0,False
vs_scratch,auprc,mask,partial,baseline_full,0.1,0.0015697479,-0.005840097,0.01290766,-0.009331288,0.016117392,0.006341748,0.8045011258784684,1,-0.00079481304,0.009382397,-0.0038783401,1.0,False
vs_scratch,auroc,mask,partial,baseline_full,0.25,-0.004198571,-0.015314418,0.0059465948,-0.022982502,0.0155475885,0.009948563,0.6730046528985106,1,-0.012725174,0.014078736,-0.013949275,1.0,False
vs_scratch,auprc,mask,partial,baseline_full,0.25,-0.008942366,-0.021225935,0.006291427,-0.024715634,0.009885529,0.008771708,0.3079867815281863,0,-0.0126977265,-0.0009395182,-0.013189852,1.0,False
vs_scratch,auroc,mask,partial,baseline_full,1.0,-0.04207003,-0.051907152,-0.032512527,-0.0526472,-0.031429622,0.005359209,4.158888546990705e-15,0,-0.039391696,-0.044278502,-0.042539895,3.160755295712936e-13,True
vs_scratch,auprc,mask,partial,baseline_full,1.0,-0.09318695,-0.1177591,-0.073557675,-0.121133156,-0.06998225,0.012844558,4.0173379173307236e-13,0,-0.08610129,-0.097339034,-0.09612054,2.6112696462649703e-11,True
vs_scratch,auroc,mask,full,baseline_full,0.01,0.0679265,0.05125859,0.088582695,0.020561166,0.114384905,0.02458486,0.005728323177840241,3,0.11481321,0.025593162,0.06337315,0.26923118935849133,False
vs_scratch,auprc,mask,full,baseline_full,0.01,0.038725164,0.034615304,0.049813062,0.032348342,0.05291864,0.0052388976,1.4479559762756576e-13,3,0.0402043,0.034591123,0.04138007,9.55650944341934e-12,True
vs_scratch,auroc,mask,full,baseline_full,0.05,0.034509104,0.01973968,0.044333067,0.017178716,0.048244957,0.007956293,1.4422102698354605e-05,3,0.030352354,0.034568846,0.038606107,0.0009085924699963401,True
vs_scratch,auprc,mask,full,baseline_full,0.05,0.03801026,0.032109763,0.051102877,0.024700196,0.05992901,0.0092918,4.300144706674105e-05,3,0.030434057,0.028638914,0.0549578,0.002107070906270312,True
vs_scratch,auroc,mask,full,baseline_full,0.1,0.015910843,0.0057090716,0.024365379,-0.00025785615,0.031120084,0.00787898,0.04344522472568234,3,0.02925539,0.010074079,0.008403063,1.0,False
vs_scratch,auprc,mask,full,baseline_full,0.1,0.017729849,0.010685698,0.029751992,0.0065291696,0.03235438,0.0066368356,0.007552857054874632,3,0.020385161,0.022375867,0.010428518,0.24169142575598823,False
vs_scratch,auroc,mask,full,baseline_full,0.25,0.016568324,0.0083728945,0.02344835,0.005954181,0.026047576,0.0048896335,0.0007028646555820913,3,0.014360905,0.015332043,0.020012021,0.03903987935877496,True
vs_scratch,auprc,mask,full,baseline_full,0.25,0.022624696,0.011939825,0.037680097,0.008652975,0.043254305,0.0087683955,0.009872742650033562,3,0.03186339,0.013719365,0.022291332,0.3060550221510404,False
vs_scratch,auroc,mask,full,baseline_full,1.0,0.0017339587,-0.0014595226,0.0049639,-0.003126225,0.0065079727,0.00241144,0.4721068299782702,3,0.0016023517,0.00048160553,0.003117919,1.0,False
vs_scratch,auprc,mask,full,baseline_full,1.0,0.007171283,-0.0011350713,0.020211244,-0.008916988,0.026064564,0.008741567,0.4120075489453521,3,0.010727823,0.00041475892,0.010371268,1.0,False
vs_scratch,auroc,denoise,frozen,baseline_full,0.01,0.036225457,0.013478177,0.0671187,0.00025487045,0.07529929,0.01958337,0.06434135108334932,3,0.06203389,0.012298942,0.03434354,1.0,False
vs_scratch,auprc,denoise,frozen,baseline_full,0.01,0.017957225,0.014444077,0.024965849,0.010345158,0.028875608,0.0047660847,0.00016475186394221574,3,0.024600267,0.01754935,0.011722058,0.006754826421630845,True
vs_scratch,auroc,denoise,frozen,baseline_full,0.05,0.004097601,-0.010730128,0.0174269,-0.01817845,0.024486806,0.011287912,0.7165989843784687,1,-0.0010559559,-0.008301735,0.021650493,1.0,False
vs_scratch,auprc,denoise,frozen,baseline_full,0.05,0.014865927,0.008931785,0.025523951,-0.0014606493,0.04046381,0.011002784,0.1766614558622483,3,0.0029760003,0.0075609833,0.0340608,1.0,False
vs_scratch,auroc,denoise,frozen,baseline_full,0.1,-0.00499475,-0.019337922,0.0050243204,-0.02461726,0.009920723,0.0088131055,0.5708900167734701,1,-0.0007780194,-0.015247464,0.0010412335,1.0,False
vs_scratch,auprc,denoise,frozen,baseline_full,0.1,0.00010550022,-0.007979766,0.012301423,-0.010589926,0.014557025,0.006476348,0.9870029717962492,1,-0.0013098717,0.006205365,-0.0045789927,1.0,False
vs_scratch,auroc,denoise,frozen,baseline_full,0.25,-0.007933577,-0.019066544,0.001268285,-0.021685036,0.0041515925,0.006567786,0.22706532629636858,0,-0.0077929497,-0.0034595132,-0.012548268,1.0,False
vs_scratch,auprc,denoise,frozen,baseline_full,0.25,-0.0058761784,-0.018542377,0.008946302,-0.020562265,0.012121758,0.008345917,0.4813840535215732,0,-0.0144896805,-1.8134713e-05,-0.0031207204,1.0,False
vs_scratch,auroc,denoise,frozen,baseline_full,1.0,-0.048945565,-0.061632708,-0.037725177,-0.062799945,-0.037306853,0.006465023,3.708577745515878e-14,0,-0.046202123,-0.05219859,-0.048435986,2.74434753168175e-12,True
vs_scratch,auprc,denoise,frozen,baseline_full,1.0,-0.107216775,-0.13473687,-0.09021292,-0.13746633,-0.08622873,0.013354464,9.864404208712417e-16,0,-0.09519677,-0.11663552,-0.10981803,6.905082946098691e-14,True
vs_scratch,auroc,denoise,partial,baseline_full,0.01,0.051664293,0.0255227,0.08505148,0.0030037493,0.107905395,0.027715847,0.06231180758740503,3,0.10486573,0.019172072,0.030955076,1.0,False
vs_scratch,auprc,denoise,partial,baseline_full,0.01,0.015659267,0.01151036,0.021483462,0.0065159556,0.027120762,0.005378018,0.003594480762303054,3,0.025563762,0.011465743,0.009948298,0.12221234591830384,False
vs_scratch,auroc,denoise,partial,baseline_full,0.05,0.008459449,-0.0050408468,0.018122602,-0.0088574495,0.022824328,0.008129435,0.2980635599806731,3,0.0070975423,0.0006098151,0.017670989,1.0,False
vs_scratch,auprc,denoise,partial,baseline_full,0.05,0.0139642535,0.007811407,0.022994181,0.0036648912,0.027410323,0.006247534,0.02540668098369555,3,0.0071021616,0.01259093,0.022199668,0.7113870675434754,False
vs_scratch,auroc,denoise,partial,baseline_full,0.1,-0.00024038553,-0.009821775,0.00877881,-0.014453413,0.0131327715,0.0071962923,0.9733523539208837,1,0.0093382,-0.00742054,-0.0026388168,1.0,False
vs_scratch,auprc,denoise,partial,baseline_full,0.1,0.00954697,-0.00026185898,0.02422475,-0.0051187957,0.029736333,0.008678777,0.2713162753098316,3,0.0038532019,0.01811549,0.0066722184,1.0,False
vs_scratch,auroc,denoise,partial,baseline_full,0.25,0.0046183467,-0.0055802832,0.013194877,-0.010536189,0.019073656,0.0074162646,0.5334605161558637,2,0.00611639,0.013375342,-0.005636692,1.0,False
vs_scratch,auprc,denoise,partial,baseline_full,0.25,-2.8411548e-06,-0.014223575,0.015729353,-0.017713975,0.019223448,0.009358085,0.9997577588131683,2,-0.008381262,0.0028756112,0.005497128,1.0,False
vs_scratch,auroc,denoise,partial,baseline_full,1.0,-0.03654327,-0.04492835,-0.027419673,-0.046072125,-0.025090305,0.005321362,6.5438771823628055e-12,0,-0.038098752,-0.039293706,-0.03223735,4.515275255830336e-10,True
vs_scratch,auprc,denoise,partial,baseline_full,1.0,-0.091247715,-0.11339783,-0.074482374,-0.1156956,-0.07089706,0.011651173,4.8157361412692815e-15,0,-0.10075499,-0.09183544,-0.08115271,3.3228579374758044e-13,True
vs_scratch,auroc,denoise,full,baseline_full,0.01,0.073353566,0.054683402,0.09302709,0.030392397,0.112728365,0.021602858,0.0006849101641890344,3,0.10584855,0.030005276,0.08420688,0.03903987935877496,True
vs_scratch,auprc,denoise,full,baseline_full,0.01,0.029194625,0.025384488,0.036252193,0.0204315,0.040194273,0.0049256035,3.082998839980712e-09,3,0.03696713,0.027544,0.02307275,1.9114592807880412e-07,True
vs_scratch,auroc,denoise,full,baseline_full,0.05,0.023876289,0.014740647,0.033637743,0.0070525203,0.03968511,0.008218334,0.0036696337938091966,3,0.01822579,0.020397007,0.033006072,0.18348168969045983,False
vs_scratch,auprc,denoise,full,baseline_full,0.05,0.047815222,0.041420024,0.05904045,0.033024963,0.069697596,0.009461565,4.3349635496087774e-07,3,0.041933313,0.037875712,0.06363665,2.514278858773091e-05,True
vs_scratch,auroc,denoise,full,baseline_full,0.1,0.01481545,0.0061406307,0.024212759,0.001840283,0.027121512,0.0063765636,0.020156471611663968,3,0.018236816,0.010065138,0.016144395,0.7457894496315668,False
vs_scratch,auprc,denoise,full,baseline_full,0.1,0.030718168,0.023563648,0.042371597,0.01908316,0.049468603,0.007880093,9.691072033708919e-05,3,0.018710226,0.03427291,0.039171368,0.004167160974494835,True
vs_scratch,auroc,denoise,full,baseline_full,0.25,0.019666055,0.0107131535,0.026664557,0.0057779704,0.030732049,0.0061263656,0.0013270317728371194,3,0.013828754,0.027127266,0.018042147,0.07165971573320444,False
vs_scratch,auprc,denoise,full,baseline_full,0.25,0.039498836,0.029198749,0.05463641,0.025924388,0.05704978,0.008030417,8.714184703972537e-07,3,0.03653449,0.038161412,0.043800607,4.967085281264346e-05,True
vs_scratch,auroc,denoise,full,baseline_full,1.0,0.0006833474,-0.0030518402,0.004606397,-0.0057072416,0.007933978,0.0033637201,0.8390160121019915,1,0.007216871,-0.003626883,-0.0015399456,1.0,False
vs_scratch,auprc,denoise,full,baseline_full,1.0,0.0010346273,-0.011388891,0.014571844,-0.023004193,0.025478352,0.011822575,0.9302638616422471,1,0.019820958,-0.00715369,-0.009563386,1.0,False
vs_scratch,auroc,simclr,frozen,baseline_full,0.01,0.05684324,0.040122367,0.07701561,0.013638331,0.09983111,0.022726746,0.012378704512343963,3,0.09310591,0.00891459,0.06850922,0.5075268850061025,False
vs_scratch,auprc,simclr,frozen,baseline_full,0.01,0.051980257,0.047876716,0.06123381,0.046534516,0.06340934,0.0042089075,4.867528385072182e-35,3,0.051405348,0.04906129,0.055474132,3.796672140356301e-33,True
vs_scratch,auroc,simclr,frozen,baseline_full,0.05,0.02564013,0.011711586,0.0383401,0.0069582397,0.042049486,0.008900254,0.003966280357119295,3,0.017328382,0.02589184,0.033700168,0.19434773749884546,False
vs_scratch,auprc,simclr,frozen,baseline_full,0.05,0.04561926,0.038560674,0.0583113,0.030683678,0.067896105,0.009887796,3.955750954639915e-06,3,0.032366976,0.039606214,0.06488458,0.00020998884838403035,True
vs_scratch,auroc,simclr,frozen,baseline_full,0.1,0.010902484,0.0008469035,0.0203558,-0.002911991,0.024475727,0.006794744,0.10859363481376841,3,0.016070426,0.009832025,0.0068050027,1.0,False
vs_scratch,auprc,simclr,frozen,baseline_full,0.1,0.015530338,0.008087805,0.028119057,0.0050590904,0.03120443,0.0065623643,0.01795346035921788,3,0.0114301145,0.021289766,0.013871133,0.5386038107765364,False
vs_scratch,auroc,simclr,frozen,baseline_full,0.25,0.0051050982,-0.0051564625,0.015441977,-0.013801989,0.024802582,0.009846444,0.6041295007221381,1,-0.004872799,0.025411427,-0.005223334,1.0,False
vs_scratch,auprc,simclr,frozen,baseline_full,0.25,0.021021629,0.0049021225,0.04086689,0.0016119535,0.042532492,0.01039163,0.043079491411906805,3,0.017993301,0.022775486,0.0222961,1.0,False
vs_scratch,auroc,simclr,frozen,baseline_full,1.0,-0.04898697,-0.05899819,-0.0342847,-0.05960519,-0.03363687,0.0067308075,3.3874759314544363e-13,0,-0.048428535,-0.048588812,-0.049943566,2.4051079113326496e-11,True
vs_scratch,auprc,simclr,frozen,baseline_full,1.0,-0.0930061,-0.11774309,-0.07361742,-0.12156589,-0.06686309,0.0145326,1.5555517279145782e-10,0,-0.07754317,-0.109660625,-0.09181449,9.799975885861843e-09,True
vs_scratch,auroc,simclr,partial,baseline_full,0.01,0.059609313,0.039276425,0.08179702,0.009261821,0.10197668,0.024041079,0.01315750241856186,3,0.09968561,0.011772096,0.067370236,0.5263000967424745,False
vs_scratch,auprc,simclr,partial,baseline_full,0.01,0.055332184,0.051820528,0.06610511,0.04866254,0.06802915,0.004972893,9.295309863437868e-29,3,0.05862698,0.05804283,0.04932674,7.06443549621278e-27,True
vs_scratch,auroc,simclr,partial,baseline_full,0.05,0.020243088,0.007264207,0.031854343,0.0049457564,0.035458364,0.007881286,0.010213948626764124,3,0.018642902,0.023556888,0.018529475,0.4289858423240932,False
vs_scratch,auprc,simclr,partial,baseline_full,0.05,0.040864985,0.03406181,0.052195955,0.026609745,0.06127436,0.009130043,7.609685981226267e-06,3,0.029327884,0.034595117,0.05867196,0.0003880939850425396,True
vs_scratch,auroc,simclr,partial,baseline_full,0.1,0.010988752,0.000371857,0.019968834,-0.003466519,0.02345154,0.00685818,0.10909280098489137,3,0.0069563985,0.011187971,0.014821887,1.0,False
vs_scratch,auprc,simclr,partial,baseline_full,0.1,0.02029714,0.011729829,0.034643237,0.009888877,0.03591276,0.006664324,0.0023218473440066332,3,0.022420809,0.020142227,0.018328384,0.0835865043842388,False
vs_scratch,auroc,simclr,partial,baseline_full,0.25,-0.0022955935,-0.011566423,0.009026583,-0.022217317,0.020695735,0.010912417,0.833382598258887,1,-0.018010795,0.021549046,-0.010425031,1.0,False
vs_scratch,auprc,simclr,partial,baseline_full,0.25,0.026539028,0.007058533,0.046440095,0.0023051337,0.056281056,0.013555899,0.050259638979023816,3,0.01484634,0.045573086,0.019197658,1.0,False
vs_scratch,auroc,simclr,partial,baseline_full,1.0,-0.039982736,-0.047565095,-0.029513033,-0.048514195,-0.029013533,0.005051507,2.472300687208981e-15,0,-0.040525854,-0.041532874,-0.03788948,1.9036715291509156e-13,True
vs_scratch,auprc,simclr,partial,baseline_full,1.0,-0.08930373,-0.11251406,-0.070616305,-0.11474754,-0.06724488,0.012066793,1.3538249455523907e-13,0,-0.08452341,-0.09595311,-0.08743468,9.070627135201018e-12,True
vs_scratch,auroc,simclr,full,baseline_full,0.01,0.06330025,0.0440183,0.085934296,0.023216007,0.10229718,0.020740865,0.0022735378748259955,3,0.10525262,0.041811347,0.042836785,0.11595043161612577,False
vs_scratch,auprc,simclr,full,baseline_full,0.01,0.05312799,0.049319156,0.06286872,0.04730015,0.06418484,0.004288801,3.0500254825113305e-35,3,0.04917156,0.056283183,0.053929225,2.409520131183951e-33,True
vs_scratch,auroc,simclr,full,baseline_full,0.05,0.039533515,0.027702754,0.05179577,0.021083022,0.057807345,0.00931063,2.175601253081931e-05,3,0.032094717,0.05560434,0.030901492,0.0013488727769107973,True
vs_scratch,auprc,simclr,full,baseline_full,0.05,0.05649197,0.047854785,0.070551686,0.036118377,0.0819986,0.012234996,3.8886823774820435e-06,3,0.04094638,0.049898356,0.07863117,0.00020998884838403035,True
vs_scratch,auroc,simclr,full,baseline_full,0.1,0.032473903,0.019866906,0.04325685,0.018070338,0.04591142,0.0074011106,1.145520736487349e-05,3,0.029302418,0.03424442,0.03387487,0.0007331332713519034,True
vs_scratch,auprc,simclr,full,baseline_full,0.1,0.03372826,0.025371976,0.046690788,0.022169422,0.050888006,0.0072248452,3.0359671740139663e-06,3,0.026114702,0.04009141,0.034978673,0.00016697819457076813,True
vs_scratch,auroc,simclr,full,baseline_full,0.25,0.022303144,0.0120504415,0.030515889,0.01052176,0.032013215,0.0053387666,2.9462253751736972e-05,3,0.02315849,0.020713985,0.023036957,0.0017971974788559553,True
vs_scratch,auprc,simclr,full,baseline_full,0.25,0.03431709,0.024029283,0.050112445,0.01976642,0.053408355,0.008533397,5.782766074140812e-05,3,0.038968205,0.025044382,0.038938686,0.0027179000548461815,True
vs_scratch,auroc,simclr,full,baseline_full,1.0,0.0013945699,-0.0018925389,0.00480052,-0.005154454,0.007154101,0.0031664583,0.6596333198677861,2,0.0059898496,0.002387762,-0.004193902,1.0,False
vs_scratch,auprc,simclr,full,baseline_full,1.0,0.004571358,-0.0071590347,0.022083381,-0.018721245,0.033280365,0.01302376,0.7255872672882442,2,0.02304262,0.0018912256,-0.01121977,1.0,False
vs_scratch,auroc,byol,frozen,baseline_full,0.01,0.12102723,0.10167321,0.14575963,0.07897587,0.16795386,0.023339301,2.1537285730297992e-07,3,0.16367471,0.078339875,0.12106711,1.4429981439299654e-05,True
vs_scratch,auprc,byol,frozen,baseline_full,0.01,0.053928733,0.049843095,0.063699,0.0475303,0.06578735,0.004627278,2.175875060985359e-31,3,0.059748597,0.051006995,0.051030613,1.6754237969587264e-29,True
vs_scratch,auroc,byol,frozen,baseline_full,0.05,0.031589627,0.018335195,0.043789487,0.012610876,0.050305534,0.009309595,0.0006907285960299891,3,0.019971192,0.036423743,0.038373947,0.03903987935877496,True
vs_scratch,auprc,byol,frozen,baseline_full,0.05,0.03836995,0.03258553,0.050848097,0.024319373,0.060599208,0.009057059,2.2706221246880743e-05,3,0.03193356,0.028134301,0.05504199,0.0011353110623440372,True
vs_scratch,auroc,byol,frozen,baseline_full,0.1,0.0045337877,-0.0052369647,0.017556658,-0.0077295876,0.022514785,0.007660222,0.553943539304396,3,0.0035732388,0.009943068,8.505583e-05,1.0,False
vs_scratch,auprc,byol,frozen,baseline_full,0.1,0.0065841526,-0.0010017197,0.017555675,-0.007048589,0.022953931,0.007672171,0.390789558654557,2,0.015467167,0.007923365,-0.0036380738,1.0,False
vs_scratch,auroc,byol,frozen,baseline_full,0.25,0.0008559227,-0.008317124,0.009641266,-0.014442689,0.019545676,0.008815395,0.9226516783354918,1,-0.010258853,0.019650996,-0.006824374,1.0,False
vs_scratch,auprc,byol,frozen,baseline_full,0.25,0.005191684,-0.009442702,0.018707238,-0.012611113,0.023542248,0.009422688,0.5816494812351476,2,0.016558737,0.0047131926,-0.005696878,1.0,False
vs_scratch,auroc,byol,frozen,baseline_full,1.0,-0.04794963,-0.05695821,-0.03485923,-0.058735244,-0.03389482,0.006494652,1.5483143078801314e-13,0,-0.045372725,-0.055511832,-0.04296434,1.130269444752496e-11,True
vs_scratch,auprc,byol,frozen,baseline_full,1.0,-0.10697436,-0.13122055,-0.09007717,-0.13623396,-0.08480513,0.013308143,9.112029332420226e-16,0,-0.09300645,-0.12134603,-0.10657062,6.46954082601836e-14,True
vs_scratch,auroc,byol,partial,baseline_full,0.01,0.11855829,0.10059053,0.14086749,0.077957906,0.16101913,0.022174241,8.9588321384299e-08,3,0.15564388,0.076413155,0.12361783,6.0920058541323325e-06,True
vs_scratch,auprc,byol,partial,baseline_full,0.01,0.05617388,0.052454915,0.065031715,0.050689887,0.06634491,0.0040137195,1.6613410692760424e-44,3,0.059483394,0.055149384,0.053888857,1.329072855420834e-42,True
vs_scratch,auroc,byol,partial,baseline_full,0.05,0.03531887,0.020187171,0.048001427,0.0163539,0.052891105,0.009574027,0.00022511094781151047,3,0.02480179,0.03778684,0.043367982,0.013506656868690629,True
vs_scratch,auprc,byol,partial,baseline_full,0.05,0.042969633,0.03601377,0.055952914,0.025874674,0.06707116,0.010719349,6.107848860434019e-05,3,0.026559845,0.040394977,0.06195409,0.002779399461982467,True
vs_scratch,auroc,byol,partial,baseline_full,0.1,0.00891908,-0.0022449216,0.022063054,-0.0053878897,0.025024751,0.007814486,0.25372340111864805,3,0.009276271,0.006403625,0.011077344,1.0,False
vs_scratch,auprc,byol,partial,baseline_full,0.1,0.013228327,0.0058608777,0.026168056,0.0040419237,0.027526442,0.0061741383,0.032150194348314814,3,0.015497208,0.012189448,0.011998326,0.8359050530561851,False
vs_scratch,auroc,byol,partial,baseline_full,0.25,0.002652526,-0.0067681046,0.012097238,-0.0135782715,0.020449743,0.008978711,0.7676700710051302,2,0.00018298626,0.01947695,-0.011702359,1.0,False
vs_scratch,auprc,byol,partial,baseline_full,0.25,0.0020797898,-0.009226155,0.018402604,-0.014881308,0.027275192,0.010336522,0.8405360178311542,1,-0.005950868,0.013932228,-0.0017419904,1.0,False
vs_scratch,auroc,byol,partial,baseline_full,1.0,-0.035422783,-0.043687336,-0.026355166,-0.044788457,-0.024297312,0.005018083,1.6767213237324872e-12,0,-0.033755243,-0.041089892,-0.03142321,1.173704926612741e-10,True
vs_scratch,auprc,byol,partial,baseline_full,1.0,-0.08854586,-0.11352428,-0.07285467,-0.121600315,-0.061982766,0.015484449,1.0754876675321013e-08,0,-0.08011916,-0.11170074,-0.07381767,6.560474771945818e-07,True
vs_scratch,auroc,byol,full,baseline_full,0.01,0.10486015,0.08890405,0.12590799,0.065269336,0.14588293,0.020787107,4.5475536228622735e-07,3,0.13950717,0.06778067,0.10729259,3.0013853910891004e-05,True
vs_scratch,auprc,byol,full,baseline_full,0.01,0.06001976,0.0568771,0.06994014,0.05145368,0.07593813,0.006109123,8.82132490790539e-23,3,0.06949029,0.058674254,0.051894747,6.615993680929042e-21,True
vs_scratch,auroc,byol,full,baseline_full,0.05,0.030467669,0.01713681,0.044993572,0.013282003,0.050701067,0.0095035415,0.0013462766152789328,3,0.022415936,0.037671626,0.031315446,0.07165971573320444,False
vs_scratch,auprc,byol,full,baseline_full,0.05,0.04903838,0.04064289,0.06118899,0.031521663,0.07262986,0.010655631,4.1823394255385875e-06,3,0.041930422,0.037269354,0.06791536,0.00021748165012800655,True
vs_scratch,auroc,byol,full,baseline_full,0.1,0.025460044,0.012791731,0.03627287,0.004736272,0.042300083,0.009332048,0.006367371484069943,3,0.03446102,0.011053383,0.030865729,0.2928990882672174,False
vs_scratch,auprc,byol,full,baseline_full,0.1,0.028950134,0.022056,0.04157628,0.019216826,0.046150364,0.0072174007,6.0421727434401455e-05,3,0.029694319,0.02161403,0.035542056,0.002779399461982467,True
vs_scratch,auroc,byol,full,baseline_full,0.25,0.022381047,0.012728526,0.030213155,0.008838229,0.033633858,0.0061801225,0.0002929483111098577,3,0.030957699,0.017724276,0.018461168,0.017283950355481605,True
vs_scratch,auprc,byol,full,baseline_full,0.25,0.03352547,0.021231487,0.04843295,0.017249519,0.050998043,0.008554594,8.89162089951769e-05,3,0.036359906,0.029049724,0.035166785,0.003912313195787784,True
vs_scratch,auroc,byol,full,baseline_full,1.0,0.001649638,-0.0025011003,0.0060616257,-0.0060001314,0.00921965,0.0037311171,0.6583952526133141,2,0.00709033,-0.0047746897,0.0026332736,1.0,False
vs_scratch,auprc,byol,full,baseline_full,1.0,0.0068049133,-0.007577683,0.026323054,-0.021005046,0.032941014,0.013953414,0.6257708145446592,2,0.022436976,-0.018299758,0.016277522,1.0,False
full_vs_frozen,auroc,mask,full,mask_frozen,0.01,-0.0016816458,-0.012346979,0.01581666,-0.027751947,0.03257859,0.014756292,0.909268491768067,2,0.0073835254,-0.026899278,0.014470816,1.0,False
full_vs_frozen,auprc,mask,full,mask_frozen,0.01,-0.0052443445,-0.019818423,0.006871681,-0.028329391,0.018297264,0.011965601,0.661179641836769,1,-0.012261257,-0.018350907,0.01487913,1.0,False
full_vs_frozen,auroc,mask,full,mask_frozen,0.05,0.011513014,0.0005120049,0.020595048,-0.0032668347,0.023916475,0.006914437,0.09589897546157927,3,0.017774045,0.009409964,0.0073550344,1.0,False
full_vs_frozen,auprc,mask,full,mask_frozen,0.05,0.010891209,-0.0010478463,0.02327648,-0.006933057,0.026074799,0.008249904,0.1867809552984002,3,0.018604815,0.011912823,0.0021559894,1.0,False
full_vs_frozen,auroc,mask,full,mask_frozen,0.1,0.021464786,0.011666579,0.030500295,0.00671907,0.034291245,0.0068672765,0.0017740519953859414,3,0.026463032,0.024040401,0.013890922,0.09225070376006896,False
full_vs_frozen,auprc,mask,full,mask_frozen,0.1,0.020921046,0.010103841,0.031778935,0.0060601,0.036660604,0.007678455,0.0064371138998220835,3,0.022811174,0.022252738,0.017699227,0.21242475869412875,False
full_vs_frozen,auroc,mask,full,mask_frozen,0.25,0.020035446,0.011509448,0.029299594,-0.0029866025,0.0427666,0.011563111,0.08314832706583168,2,0.025317669,-0.0020591617,0.03684783,1.0,False
full_vs_frozen,auprc,mask,full,mask_frozen,0.25,0.04040308,0.028592253,0.054519314,0.01734071,0.06521,0.012420791,0.0011425029375712963,3,0.060544893,0.022636712,0.03802763,0.04341511162770926,True
full_vs_frozen,auroc,mask,full,mask_frozen,1.0,0.051710248,0.040971715,0.064109035,0.040464915,0.06456321,0.0063146595,2.6357864772081946e-16,3,0.0507164,0.051967442,0.0524469,2.0559134522223916e-14,True
full_vs_frozen,auprc,mask,full,mask_frozen,1.0,0.12949169,0.10825729,0.15755527,0.104615256,0.1610104,0.014193017,7.265642504064881e-20,3,0.12954141,0.12569515,0.13323851,5.303919027967363e-18,True
full_vs_frozen,auroc,denoise,full,denoise_frozen,0.01,0.03712811,0.014061948,0.054425973,0.0060929027,0.05916663,0.014066206,0.008302218803956487,3,0.04381466,0.017706335,0.04986334,0.3652976273740854,False
full_vs_frozen,auprc,denoise,full,denoise_frozen,0.01,0.011237401,0.0065389066,0.015656509,0.005152767,0.016940523,0.0029517584,0.0001406519698604844,3,0.012366861,0.009994648,0.011350691,0.005907382734140345,True
full_vs_frozen,auroc,denoise,full,denoise_frozen,0.05,0.01977869,0.005586163,0.03656504,0.0015019878,0.041644998,0.010011085,0.04819115911083228,3,0.019281745,0.028698742,0.011355579,1.0,False
full_vs_frozen,auprc,denoise,full,denoise_frozen,0.05,0.0329493,0.024750916,0.0422323,0.02161947,0.046213157,0.0063960035,2.583493627108662e-07,3,0.038957313,0.030314729,0.029575855,1.5500961762651972e-05,True
full_vs_frozen,auroc,denoise,full,denoise_frozen,0.1,0.0198102,0.009073617,0.034042206,0.006218821,0.037826076,0.008097591,0.014427833629565205,3,0.019014835,0.025312603,0.015103161,0.562685511553043,False
full_vs_frozen,auprc,denoise,full,denoise_frozen,0.1,0.030612668,0.02046752,0.042057835,0.016093418,0.04857317,0.008305976,0.00022814699211753643,3,0.020020097,0.028067544,0.04375036,0.009125879684701457,True
full_vs_frozen,auroc,denoise,full,denoise_frozen,0.25,0.027599633,0.018800255,0.036831673,0.014395293,0.03917606,0.0062146126,8.950576486067483e-06,3,0.021621704,0.03058678,0.030590415,0.0005817874715943864,True
full_vs_frozen,auprc,denoise,full,denoise_frozen,0.25,0.045375016,0.032518364,0.061662126,0.02980796,0.06573601,0.009266734,9.753448257633688e-07,3,0.05102417,0.038179547,0.046921328,5.461931024274865e-05,True
full_vs_frozen,auroc,denoise,full,denoise_frozen,1.0,0.049628913,0.039438967,0.06239716,0.03856509,0.06402326,0.0065231114,2.7801188460866084e-14,3,0.053418994,0.048571706,0.04689604,2.0850891345649563e-12,True
full_vs_frozen,auprc,denoise,full,denoise_frozen,1.0,0.10825139,0.08784954,0.1388805,0.08689075,0.14267884,0.01442743,6.229486828855647e-14,3,0.11501773,0.10948183,0.10025464,4.23605104362184e-12,True
full_vs_frozen,auroc,simclr,full,simclr_frozen,0.01,0.0064570107,-0.0058736634,0.017709645,-0.027596617,0.036359906,0.016327979,0.6925057671415354,2,0.012146711,0.032896757,-0.025672436,1.0,False
full_vs_frozen,auprc,simclr,full,simclr_frozen,0.01,0.0011477321,-0.0029300055,0.005959926,-0.0056972634,0.008564143,0.0036062337,0.7502851667743097,1,-0.0022337884,0.0072218925,-0.0015449077,1.0,False
full_vs_frozen,auroc,simclr,full,simclr_frozen,0.05,0.013893385,0.004510097,0.024224047,-0.003808384,0.030921755,0.008930145,0.1197592273421293,2,0.0147663355,0.029712498,-0.0027986765,1.0,False
full_vs_frozen,auprc,simclr,full,simclr_frozen,0.05,0.010872711,0.0013175092,0.019503687,-0.0028180224,0.02312871,0.0064473543,0.09172197443855427,3,0.008579403,0.010292143,0.013746589,1.0,False
full_vs_frozen,auroc,simclr,full,simclr_frozen,0.1,0.021571418,0.009089677,0.033951685,0.006160853,0.0383486,0.008352209,0.00980247655718049,3,0.013231993,0.024412394,0.027069867,0.42150649195876105,False
full_vs_frozen,auprc,simclr,full,simclr_frozen,0.1,0.018197924,0.0079015335,0.027326997,0.0058646556,0.029701408,0.0058576493,0.0018919205693758625,3,0.014684588,0.018801644,0.02110754,0.07000106106690691,False
full_vs_frozen,auroc,simclr,full,simclr_frozen,0.25,0.017198047,0.0051897443,0.027342014,-0.0032015124,0.036529217,0.010357922,0.0968388133513441,2,0.02803129,-0.004697442,0.02826029,1.0,False
full_vs_frozen,auprc,simclr,full,simclr_frozen,0.25,0.013295461,-0.0006261659,0.028915377,-0.0056137247,0.035632208,0.010447941,0.203179986722396,3,0.020974904,0.0022688955,0.016642585,1.0,False
full_vs_frozen,auroc,simclr,full,simclr_frozen,1.0,0.05038154,0.03553475,0.061137993,0.035197474,0.06191381,0.0068422738,1.7945222037525216e-13,3,0.054418385,0.050976574,0.045749664,1.2920559867018156e-11,True
full_vs_frozen,auprc,simclr,full,simclr_frozen,1.0,0.09757745,0.0824663,0.124382,0.0755716,0.12944499,0.013720177,1.143999662599878e-12,3,0.10058579,0.11155185,0.08059472,7.321597840639219e-11,True
full_vs_frozen,auroc,byol,full,byol_frozen,0.01,-0.016167084,-0.023848023,-0.008549625,-0.02879867,-0.0058084102,0.0058313673,0.005563873897658807,0,-0.024167538,-0.010559201,-0.013774514,0.26706594708762277,False
full_vs_frozen,auprc,byol,full,byol_frozen,0.01,0.0060910285,0.0018464568,0.011698035,-0.00094596035,0.014777674,0.0039930507,0.1271575559041346,3,0.009741694,0.0076672584,0.00086413324,1.0,False
full_vs_frozen,auroc,byol,full,byol_frozen,0.05,-0.0011219581,-0.009234144,0.009523013,-0.011251403,0.011971657,0.005859141,0.8481428931809902,2,0.002444744,0.0012478828,-0.0070585012,1.0,False
full_vs_frozen,auprc,byol,full,byol_frozen,0.05,0.010668427,0.0023575563,0.016754653,-0.0003039114,0.01944704,0.0048975963,0.02938382081913237,3,0.009996861,0.009135053,0.0128733665,0.793363162116574,False
full_vs_frozen,auroc,byol,full,byol_frozen,0.1,0.020926258,0.006946251,0.028244145,-0.003284718,0.037625156,0.010301661,0.042219710587151404,3,0.030887783,0.0011103153,0.030780673,1.0,False
full_vs_frozen,auprc,byol,full,byol_frozen,0.1,0.022365982,0.015108987,0.032491095,0.0069450145,0.044046026,0.009585945,0.019637351784204914,3,0.014227152,0.013690665,0.03918013,0.5694832017419424,False
full_vs_frozen,auroc,byol,full,byol_frozen,0.25,0.021525124,0.011986338,0.028003786,-5.8190526e-05,0.040708117,0.010561546,0.04154336777528972,2,0.041216552,-0.0019267201,0.025285542,1.0,False
full_vs_frozen,auprc,byol,full,byol_frozen,0.25,0.028333789,0.016459895,0.043021224,0.009651672,0.048355382,0.009698071,0.003482490373766948,3,0.01980117,0.024336532,0.040863663,0.12188716308184318,False
full_vs_frozen,auroc,byol,full,byol_frozen,1.0,0.04959927,0.037398193,0.058971543,0.03685359,0.059819095,0.005739802,5.558374345273771e-18,3,0.052463055,0.050737143,0.045597613,4.446699476219017e-16,True
full_vs_frozen,auprc,byol,full,byol_frozen,1.0,0.11377928,0.09645738,0.14010462,0.0928093,0.14430772,0.012739973,4.226019996428585e-19,3,0.11544342,0.10304627,0.12284814,3.0427343974285814e-17,True
