arm,fraction,n_runs,minutes,peak_memory_gb,energy_wh,trainable_params_k
SSL frozen,0.01,12,1.5083561226666664,0.5600149631500244,1.6006243518518517,72.62
SSL frozen,0.05,12,1.563365903691662,0.591472307840983,1.6670623842592593,72.62
SSL frozen,0.1,12,1.6461826775305504,0.6302569707234701,1.7590377546296294,72.62
SSL frozen,0.25,12,1.894339846750002,0.7475999196370443,2.03646537037037,72.62
SSL frozen,1.0,12,3.150836463404168,1.3343021869659424,3.439975069444445,72.62
SSL full,0.01,36,1.772588580634259,2.5872902870178223,1.890420702160494,1877.2920000000001
SSL full,0.05,36,2.8532763173930547,2.6198991934458413,3.0607612808641975,1877.2920000000001
SSL full,0.1,36,4.224575681833795,2.6595187981923423,4.545569390432099,1877.2920000000001
SSL full,0.25,36,8.294515657974076,2.777341365814209,8.951496080246914,1877.2920000000001
SSL full,1.0,36,28.739524111350004,3.3637585639953613,31.10270277777778,1877.2920000000001
SSL partial,0.01,36,1.5094440374300941,0.5610445340474447,1.603761813271605,234.668
SSL partial,0.05,36,1.582552540478705,0.5932919184366862,1.6876590663580247,234.668
SSL partial,0.1,36,1.6821257954546316,0.6320765813191732,1.7991392978395062,234.668
SSL partial,0.25,36,1.9828345441754638,0.7494195302327474,2.1343489660493824,234.668
SSL partial,1.0,36,3.5127995234236122,1.3361217975616455,3.840293680555556,234.668
scratch full,0.01,9,1.6953106459925933,2.5886282920837402,1.8263366049382717,1877.2920000000001
scratch full,0.05,9,2.767137013433334,2.6211363474527993,2.9954805864197533,1877.2920000000001
scratch full,0.1,9,4.088199253287037,2.6603482564290366,4.439022993827161,1877.2920000000001
scratch full,0.25,9,8.0010910712,2.7779836654663086,8.717907222222221,1877.2920000000001
scratch full,1.0,9,27.686576869320373,3.364687442779541,30.243934691358024,1877.2920000000001
