method,protocol,encoder_lr,fraction,n_seeds,val_auroc_mean,test_auroc_mean,test_auroc_sd,test_auprc_mean,test_auprc_sd,final_train_loss_mean
baseline,full,0.0001,0.01,3,0.5739271697864656,0.534646022205158,0.003809629448741757,0.046379991919049825,0.004218992055314329,0.10769181201855338
baseline,full,0.0001,0.05,3,0.6565368379772522,0.6320979640324923,0.01666934095556442,0.0687905178408541,0.002470099460475272,0.10076674960908434
baseline,full,0.0001,0.1,3,0.7149879514214966,0.6996809891384596,0.011235454494074924,0.0859813626882655,0.0039154895392218576,0.09552051055999022
baseline,full,0.0001,0.25,3,0.7484964104742372,0.7442526189256738,0.028473336810390715,0.10553144582084194,0.01798771575194281,0.08997481096358524
baseline,full,0.0001,1.0,3,0.8704961565290988,0.8633178675125253,0.0020546179986101446,0.21412990222206219,0.002790448892491413,0.06772720726737134
baseline,full,0.001,0.01,3,0.5764834595437088,0.5434526460549635,0.0037133036164069,0.04835918229850527,0.007272690729519603,0.10786719123522437
baseline,full,0.001,0.05,3,0.7339260879481957,0.71467950568093,0.006177340750854509,0.08782405151117373,0.0051735116071893236,0.08937880254927129
baseline,full,0.001,0.1,3,0.7871500242619444,0.775288781091454,0.01083588945503027,0.12827141601198946,0.009116929315768118,0.08190827426456267
baseline,full,0.001,0.25,3,0.8152140200880695,0.7972811188406168,0.045874903082150434,0.15276050963315296,0.04438593849357305,0.0761291761024325
baseline,full,0.001,1.0,3,0.9107083835001416,0.9129300285290868,0.004876271423205391,0.30540999326756274,0.009436239526987801,0.0477646342739281
baseline,full,0.01,0.01,3,0.6627993433142912,0.6519100175203074,0.040172085742839946,0.07141880321759804,0.006010382547985768,0.10114111006259914
baseline,full,0.01,0.05,3,0.7947387508695162,0.7800036390429002,0.00844178600049657,0.1328413384517637,0.012966030379968093,0.07126330761682413
baseline,full,0.01,0.1,3,0.8310240396900889,0.8225529858956387,0.008283028327468776,0.17788789075811842,0.005448935377195974,0.06105454904692514
baseline,full,0.01,0.25,3,0.853338073625555,0.8552202560710396,0.013840389671932485,0.21217750946453204,0.011389102918837896,0.059374552714724436
baseline,full,0.01,1.0,3,0.932348906944601,0.9288673994966882,0.002448854081565639,0.3507442216238923,0.008766959872194103,0.0400699710613909
byol,frozen,0.0,0.01,3,0.7595774952358609,0.7729372089353467,0.0036473735454271134,0.12534753371895382,0.002360349345851355,0.08415761341651273
byol,frozen,0.0,0.05,3,0.809942496733861,0.8115932503360129,0.008520620057004633,0.1712112747383581,0.0027794861169767086,0.07451860961459926
byol,frozen,0.0,0.1,3,0.8381020907274485,0.827086797581844,0.008513449969835104,0.18447203514145713,0.006084242389797108,0.07196547161965137
byol,frozen,0.0,0.25,3,0.8581765613933582,0.8560760569105555,0.0100731578070405,0.21736917415215498,0.018243388890294785,0.07137638834678156
byol,frozen,0.0,1.0,3,0.8892273365135569,0.8809178224216381,0.005912068723256457,0.2437698456125554,0.005425915491269278,0.06942736957485074
byol,full,0.0001,0.01,3,0.7471285369378724,0.7567701621855201,0.004254021573190765,0.13143855842410487,0.006294903822170637,0.08098520835240676
byol,full,0.0001,0.05,3,0.8156535717218519,0.8167038750968135,0.008524533669152732,0.1791196777562922,0.003563820817420638,0.07025489352998276
byol,full,0.0001,0.1,3,0.841805394427734,0.8382608661266352,0.016560373534873395,0.19556953139414449,0.005514775627283197,0.06792068055697843
byol,full,0.0001,0.25,3,0.870804212462815,0.8661163502722905,0.012413965293551437,0.22699374837683584,0.012640366134100358,0.06692092993012323
byol,full,0.0001,1.0,3,0.9229871657397536,0.9191324065586182,0.005479111315598036,0.31483227311043327,0.010206776180272735,0.053114544156113934
byol,full,0.001,0.01,3,0.7467058216968058,0.7511805922800402,0.01225117325443291,0.11608641901066157,0.007374037951159457,0.07710088292757666
byol,full,0.001,0.05,3,0.8318156514665471,0.8104713947728445,0.0107726282318728,0.18187970064665634,0.004386143925830386,0.06008855501810703
byol,full,0.001,0.1,3,0.8536995442426177,0.8480130576008094,0.01332430935443402,0.20683802744487892,0.012201738105192985,0.0520371425719488
byol,full,0.001,0.25,3,0.8788535795168336,0.8776012675630079,0.01583241096760741,0.24570298020915313,0.015287272309791752,0.05480182441342776
byol,full,0.001,1.0,3,0.9295794647992542,0.9251578271406612,0.005927004113569226,0.33573426911099036,0.009346262325331858,0.03510731212124043
byol,full,0.01,0.01,3,0.7064764339760442,0.7068730732190538,0.026708817904583796,0.08155815197563647,0.013495753018351151,0.09223812321821846
byol,full,0.01,0.05,3,0.8076971472023929,0.7905524946165489,0.022654933296136454,0.13791337564604947,0.015856142197185976,0.0735323968387785
byol,full,0.01,0.1,3,0.8269977217703411,0.8102059728558245,0.04529702064388587,0.1621602628214489,0.026404234399170858,0.071268488963445
byol,full,0.01,0.25,3,0.8594180619622181,0.849685779523646,0.03021599091474329,0.2080367568675261,0.04150149935185442,0.06427392702476646
byol,full,0.01,1.0,3,0.9339100959835088,0.9305170038825509,0.004049053957120486,0.35754912599303573,0.013902725624980749,0.040491988189028966
byol,partial,0.0001,0.01,3,0.7584119875493743,0.7704682692261513,0.00183115822029286,0.1275926720008451,0.003983544745855934,0.08386231462160744
byol,partial,0.0001,0.05,3,0.8103178922753801,0.8137701026624266,0.0037938550088275056,0.17454539202900374,0.005575051621712534,0.074599041825249
byol,partial,0.0001,0.1,3,0.8308035216690087,0.8311915147514629,0.007423168329725459,0.1937951941145707,0.0032817506879576925,0.0720052350135076
byol,partial,0.0001,0.25,3,0.8593569498403241,0.8515243844886898,0.005197632173391271,0.20920249949510686,0.00479449629711492,0.0711112379026012
byol,partial,0.0001,1.0,3,0.891525204302547,0.8827877433382283,0.004665672584817467,0.2460210601612427,0.00463910352445412,0.06879726697638659
byol,partial,0.001,0.01,3,0.7577948219569836,0.7669791977576242,0.005596814266862834,0.12831064193438632,0.0016790468481895793,0.08395472417275107
byol,partial,0.001,0.05,3,0.8099218676224705,0.8118900894574773,0.013282466305575584,0.17074128281046433,0.005900112120554021,0.07403593971615743
byol,partial,0.001,0.1,3,0.8325310017537279,0.8329220862856861,0.007827730603067467,0.19193280275373822,0.003238267046144042,0.07142064684913267
byol,partial,0.001,0.25,3,0.8580126042221302,0.8540575969421379,0.007622980230423599,0.21119384233752872,0.0018181529834648054,0.07040076042089806
byol,partial,0.001,1.0,3,0.8959681750706676,0.8948307637108216,0.005573050580222279,0.25586030702368684,0.009700692983953936,0.06372738812671667
byol,partial,0.01,0.01,3,0.755778890327322,0.7611614483898159,0.0028387500559751127,0.13081871162555345,0.004165965179610407,0.08460937440395354
byol,partial,0.01,0.05,3,0.8184930604312686,0.8153224981206564,0.0065583960353633106,0.17581097613551414,0.007343249370889976,0.06979096787316454
byol,partial,0.01,0.1,3,0.8367201147375307,0.8314720919182944,0.009244535677488671,0.1911162150311055,0.005112290195531208,0.0669519078163873
byol,partial,0.01,0.25,3,0.8653384105043758,0.857872759858108,0.0031114249103236097,0.214257278051347,0.0012453519892522385,0.068387569366049
byol,partial,0.01,1.0,3,0.896868998254285,0.8934446310363446,0.004574161617053249,0.2621983505671421,0.014073253544112816,0.06193249417047427
denoise,frozen,0.0,0.01,3,0.6977286208690662,0.6881354193478638,0.01579972529817817,0.08937603344320466,0.005235133997048579,0.0980411147077878
denoise,frozen,0.0,0.05,3,0.7849204786935645,0.7841012259796103,0.0077179438347851695,0.14770727171828268,0.0041009082826823804,0.08439490341004867
denoise,frozen,0.0,0.1,3,0.8103662920006546,0.8175582326929942,0.01219842371912728,0.1779933037337347,0.0028690032654681,0.0798341660272507
denoise,frozen,0.0,0.25,3,0.8471891877597578,0.8472867504470027,0.009294410217674373,0.20630130937992353,0.006397260576899403,0.0767452491097757
denoise,frozen,0.0,1.0,3,0.8817711204528783,0.8799217926328363,0.0015171554315985408,0.24352748329240012,0.0034432357750883488,0.0720869885743969
denoise,full,0.0001,0.01,3,0.7088680788491764,0.7028512728818223,0.00698978368511561,0.10034043166676647,0.00970716715996499,0.09084881097078316
denoise,full,0.0001,0.05,3,0.8114381566394223,0.8003172299364305,0.005058575984427535,0.17842843154646593,0.0036065348591156066,0.07603104625429423
denoise,full,0.0001,0.1,3,0.8357450715854625,0.844689955119195,0.009315515114786609,0.21105521542240943,0.014189597797725417,0.0714467366536458
denoise,full,0.0001,0.25,3,0.8692662204249663,0.8676469139847685,0.009769381632085433,0.23022897229122105,0.011802122356355077,0.0679882035535924
denoise,full,0.0001,1.0,3,0.917599807129193,0.916616438067359,0.004703908307405378,0.3130294163122942,0.014547250639098416,0.055639918993279226
denoise,full,0.001,0.01,3,0.7292568479365672,0.7252636074131596,0.007123994963834869,0.10061342394533257,0.00470480841075367,0.08786402891079582
denoise,full,0.001,0.05,3,0.8160858133839993,0.8038799795458692,0.0011203279357911437,0.18065656637895436,0.0025906436084761966,0.06897039356685818
denoise,full,0.001,0.1,3,0.8413407782670178,0.8373684532457565,0.007916776434366639,0.208606066796774,0.014259424574017068,0.0606461990447271
denoise,full,0.001,0.25,3,0.8785959834271644,0.8748863116936342,0.010789421806552272,0.25167634276955475,0.012113697173306298,0.0572410485991576
denoise,full,0.001,1.0,3,0.9297773553371377,0.9253609068122873,0.001727248590875178,0.33639032227765586,0.0027522414427484324,0.03901596835059837
denoise,full,0.01,0.01,3,0.6536437283283149,0.6593749907235094,0.035875793373347294,0.08227209223710723,0.007025418936060285,0.10353231181701021
denoise,full,0.01,0.05,3,0.8046135342036971,0.7836917170402534,0.01737420890638029,0.13449645227208937,0.016036467989505202,0.07551777504739303
denoise,full,0.01,0.1,3,0.8224180926991815,0.8170280398098048,0.02518242647379713,0.15579744454346356,0.016950981738622296,0.07448166892642064
denoise,full,0.01,0.25,3,0.8573418093497996,0.8570525534997749,0.013971186506459603,0.20661969530873456,0.013317955704048284,0.06282363024746329
denoise,full,0.01,1.0,3,0.9336577916700256,0.9295506988665988,0.0033070334665349734,0.3517788624538884,0.01083949300832475,0.0426278694412714
denoise,partial,0.0001,0.01,3,0.7000464983163059,0.7016994229235739,0.01948641924042228,0.08862729256516029,0.004755122711910679,0.09756961216529207
denoise,partial,0.0001,0.05,3,0.7975417782837738,0.7839608793578517,0.013936844989435213,0.15662876004680404,0.007660067493671804,0.08399084352311625
denoise,partial,0.0001,0.1,3,0.8188924236893627,0.8184879957029995,0.012659837641238235,0.17900421354499532,0.007300248111281465,0.07976191668283371
denoise,partial,0.0001,0.25,3,0.856842025106649,0.8490699800517687,0.002435326840326787,0.20168127633380686,0.005047425210382578,0.07578943303319247
denoise,partial,0.0001,1.0,3,0.8891630801926819,0.8883951771387064,0.001777806225034154,0.2437876527036812,0.013229263220052849,0.06960938678750729
denoise,partial,0.001,0.01,3,0.7064615253914176,0.7035743202264634,0.020731586147915995,0.08707807847913873,0.004319083315166399,0.09729968259731923
denoise,partial,0.001,0.05,3,0.8014867744689482,0.7884630961528112,0.003376976973883011,0.14680559035803908,0.006260513685548012,0.08322457756314953
denoise,partial,0.001,0.1,3,0.8253169035947621,0.8228406426305533,0.004358088487621718,0.18222410944417758,0.007942704545710833,0.07812845990771337
denoise,partial,0.001,0.25,3,0.8576817834791134,0.8598385488543308,0.004413668442538009,0.2121746541875452,0.009264569105180354,0.073881483011219
denoise,partial,0.001,1.0,3,0.8972514002987508,0.8947084216960763,0.00208959118198641,0.26259965664037394,0.012612021796027799,0.06418154129436704
denoise,partial,0.01,0.01,3,0.7053021686663694,0.7071416114519309,0.012502412141113688,0.0876061614243353,0.008189657963775113,0.09650293489297224
denoise,partial,0.01,0.05,3,0.8012586036412905,0.7907365027157788,0.004141817693296332,0.16226683218149474,0.007803399061123649,0.0811353552909124
denoise,partial,0.01,0.1,3,0.8261146526960815,0.8223126997433937,0.0058548345535904215,0.18743465157403308,0.0065882696261917485,0.07579895995912093
denoise,partial,0.01,0.25,3,0.8576337775858676,0.8601668321305235,0.00901603228895573,0.21243183589238748,0.009636486863980451,0.0717410956444192
denoise,partial,0.01,1.0,3,0.8972799281810112,0.8923241027005072,0.004920419415957138,0.2594965113057323,0.01553180179975254,0.06330428622354843
mask,frozen,0.0,0.01,3,0.7170784428398663,0.721518177098154,0.0241098796057954,0.11538831676933581,0.01564324293952487,0.0854536195596059
mask,frozen,0.0,0.05,3,0.7875810426403943,0.8029997510896839,0.006322598480435234,0.1599603965086748,0.009495884768004012,0.07850894190016243
mask,frozen,0.0,0.1,3,0.8212628299790411,0.816999021449938,0.007661596935284436,0.17469668705958896,0.0017888283800724216,0.07749628453027631
mask,frozen,0.0,0.25,3,0.840000091933189,0.8517530205005669,0.0076544172938258805,0.19439909877087777,0.0046652559562841475,0.07571632608312183
mask,frozen,0.0,1.0,3,0.8708607808700047,0.8788910925987565,0.0018204980280518402,0.22842376806505302,0.00561292945854212,0.07396669921503736
mask,full,0.0001,0.01,3,0.7260862150275927,0.7118030766606399,0.009460129068573226,0.10621768338280833,0.002032125465227674,0.08543080836534493
mask,full,0.0001,0.05,3,0.8019701828213736,0.8040354083819086,0.011451371696146352,0.15316199397528565,0.016662479296003514,0.0736938431149437
mask,full,0.0001,0.1,3,0.8301700637925887,0.8331390333851153,0.004681371312677384,0.18090270697151223,0.005420033212367895,0.07194655849820086
mask,full,0.0001,0.25,3,0.8567131234390057,0.8589208514925168,0.0036461657273302783,0.21886943723892868,0.011039789577909099,0.06928711458414537
mask,full,0.0001,1.0,3,0.9200201772664488,0.9206645211338249,0.004093125480684422,0.31204168397500226,0.007418550127695668,0.05366341040952357
mask,full,0.001,0.01,3,0.7344668230201069,0.719836475958826,0.007964577361177585,0.11014394898676654,0.0043986215060461,0.08418253064155577
mask,full,0.001,0.05,3,0.8197047604922231,0.8145127754638292,0.00528884018105107,0.17085158394992758,0.002185911086623834,0.062078896022978225
mask,full,0.001,0.1,3,0.8459833848748587,0.8384638833351142,0.004769080960851461,0.1956177392100471,0.0010208288350696834,0.057396414734068334
mask,full,0.001,0.25,3,0.8775633263837932,0.8717885246410804,0.01634223215702294,0.2348022149357274,0.02027440659105981,0.0565229027879004
mask,full,0.001,1.0,3,0.9307609695983428,0.9262652894261038,0.0006402174567633168,0.3515530832991935,0.022811552403239004,0.037556543837498506
mask,full,0.01,0.01,3,0.7075044349665532,0.6910749272204232,0.026102805798101383,0.07884210238117813,0.0038873385598279064,0.08846015731493627
mask,full,0.01,0.05,3,0.7619512325905631,0.7333346381780906,0.0382973324439465,0.10372550320077052,0.02023986603908254,0.08791580938157573
mask,full,0.01,0.1,3,0.8110066537558153,0.7981196383159513,0.057447167067111164,0.14801137202278178,0.03520037248204782,0.0731164571784791
mask,full,0.01,0.25,3,0.8347478725045879,0.8180055711046176,0.014041517894208539,0.17784789791004152,0.026058091177946538,0.07143782427330973
mask,full,0.01,1.0,3,0.9338382595525653,0.9306013804318902,0.002708899746607208,0.35791550042989834,0.004212446112453184,0.0414033899052009
mask,partial,0.0001,0.01,3,0.7180427649471243,0.7224403304932072,0.029199683421700914,0.11397169574518236,0.0105813455315509,0.08614479998747504
mask,partial,0.0001,0.05,3,0.7880547597543252,0.7989771665997835,0.00780037239389952,0.15755073405316414,0.0017569102325195314,0.07788067204611637
mask,partial,0.0001,0.1,3,0.820726102967637,0.8200210486023658,0.006038975709457658,0.174222757619204,0.006441131846417738,0.07709626356760653
mask,partial,0.0001,0.25,3,0.8422829376314289,0.8513077090005741,0.008300740254758182,0.19883315718278938,0.005311850204548442,0.07510134245501177
mask,partial,0.0001,1.0,3,0.8757361243972629,0.8815427950694973,0.0022764028047859925,0.23329871971602176,0.002047009184420276,0.07176076930804844
mask,partial,0.001,0.01,3,0.7224850510568985,0.7223439333694777,0.03154678620299858,0.11598527170391974,0.004455838394587678,0.08577175438404076
mask,partial,0.001,0.05,3,0.7909520353859198,0.7999521493150312,0.008685389378344935,0.1572496800371366,0.0021648214996117143,0.07669497671581443
mask,partial,0.001,0.1,3,0.8233824192550226,0.8225315347302601,0.005257989868154653,0.1770467325980887,0.003985600182257798,0.07502096607571553
mask,partial,0.001,0.25,3,0.8455987179781735,0.8583934347249974,0.00409414555903794,0.20372521958584447,0.00555788133342935,0.07261956886750974
mask,partial,0.001,1.0,3,0.8892541004631499,0.8886415605594621,0.0029657796921449503,0.24743171816344947,0.005006120677245708,0.06578748707643677
mask,partial,0.01,0.01,3,0.7286788782277124,0.712724508298666,0.024727484206677215,0.11540887597655985,0.01104167608053275,0.08532028893629706
mask,partial,0.01,0.05,3,0.7989717283219812,0.801389638075889,0.0022501917743704527,0.15761131882101406,0.010888661316491542,0.07041238319306144
mask,partial,0.01,0.1,3,0.8308958998610901,0.8224996202146659,0.006424136413445684,0.17945763163956777,0.0039533690398903835,0.06834594124839416
mask,partial,0.01,0.25,3,0.8493870925638966,0.8510217293115266,0.007816149048585581,0.20323513433400442,0.005256741154017283,0.0692465881005722
mask,partial,0.01,1.0,3,0.8915094774828868,0.8867973988384744,0.0005146943746850184,0.2575572524749334,0.004412804186228227,0.06294819676382983
simclr,frozen,0.0,0.01,3,0.7070064455027079,0.7087532095570368,0.007755286884661369,0.12339907247764764,0.0061086107674046325,0.0707140440742174
simclr,frozen,0.0,0.05,3,0.8026991194105347,0.8056438154999664,0.004428545203888546,0.17846059493174649,0.004890051434419341,0.06757560088520957
simclr,frozen,0.0,0.1,3,0.832253236824052,0.8334554510030072,0.0036119379106592494,0.1934182289561536,0.00539680843827781,0.06777039737928477
simclr,frozen,0.0,0.25,3,0.8591406281074933,0.860325285383194,0.009191525150678373,0.233199109626988,0.009479238018263012,0.06936572205786606
simclr,frozen,0.0,1.0,3,0.886637293274708,0.8798803397102578,0.0022004524893494376,0.2577380934328495,0.007324894078932852,0.06865682393094913
simclr,full,0.0001,0.01,3,0.709002097558951,0.7027532903453665,0.014942428126462234,0.12164113799672645,0.013294278912430846,0.07228012134631473
simclr,full,0.0001,0.05,3,0.8126745952207303,0.8089961855062601,0.015987861873268276,0.18167527393313435,0.0012392002728266332,0.06401977652595149
simclr,full,0.0001,0.1,3,0.8580231181305535,0.8449098048764605,0.003934375375434582,0.20331591665915663,0.006361190836044053,0.06148938621793473
simclr,full,0.0001,0.25,3,0.8803115403006617,0.8715216149852664,0.010033532859945349,0.25232447627165205,0.011026166293123958,0.0620908103069337
simclr,full,0.0001,1.0,3,0.9277935883923089,0.9224328588881526,0.0025783481599072817,0.32034085842230003,0.005537870777013906,0.04980379299525794
simclr,full,0.001,0.01,3,0.7241640160467853,0.7152102782715232,0.021988204286430252,0.1245467894199268,0.00962851111003762,0.06941710164149596
simclr,full,0.001,0.05,3,0.8270465337148986,0.8195372599303553,0.01972684124159128,0.18933330717312288,0.007403495016804563,0.0500936380454472
simclr,full,0.001,0.1,3,0.8638441195237849,0.8550268716794389,0.010787819357937246,0.2116161246044578,0.008643574021539629,0.0454256123020535
simclr,full,0.001,0.25,3,0.8803786307797643,0.8775233439370026,0.014998355022681218,0.24649460308642887,0.019237714003552963,0.052346013607431165
simclr,full,0.001,1.0,3,0.9321564689798825,0.9255630515682159,0.0024330236958512406,0.35152000497389624,0.008779289424243221,0.035681059760768866
simclr,full,0.01,0.01,3,0.7109032827675338,0.6997430168124441,0.06698884804315537,0.08674025053043465,0.021736271905040332,0.0931317309538523
simclr,full,0.01,0.05,3,0.7894785290583792,0.7826828993625368,0.00841554892686434,0.1268730805481975,0.01345239990558657,0.07640269966352549
simclr,full,0.01,0.1,3,0.8223452999973038,0.8083790212294337,0.02061217943365532,0.15648658407469104,0.02367470269925611,0.07728837785266694
simclr,full,0.01,0.25,3,0.8559941303128505,0.8451124806862415,0.031206617865997467,0.19507591331217022,0.03653182446350705,0.066880351221528
simclr,full,0.01,1.0,3,0.9356359454408564,0.9302620084798358,0.003973793377700122,0.35531559135378665,0.014362781350680793,0.04204733470350574
simclr,partial,0.0001,0.01,3,0.6910978258893105,0.6929133931491788,0.0025533434028764974,0.12438608585493573,0.008323104213951339,0.07046937694152193
simclr,partial,0.0001,0.05,3,0.8030964815132187,0.8003065709758425,0.002769705349514236,0.17778660088392664,0.00537424724028354,0.06753201002166383
simclr,partial,0.0001,0.1,3,0.8359075239873998,0.8354564980754078,0.005066714010175541,0.1978559742679328,0.003524096290838358,0.0677611927191416
simclr,partial,0.0001,0.25,3,0.8625762044353236,0.8591783590469384,0.007277977392960937,0.23506341821400115,0.007117915340057633,0.06915861652010959
simclr,partial,0.0001,1.0,3,0.8884074303072155,0.8815199022823231,0.001473327493412647,0.25615055689970284,0.007796227568429257,0.06750806636763894
simclr,partial,0.001,0.01,3,0.6923593103588587,0.6955108244829707,0.0018590590763714206,0.12342214033615724,0.0054743198198683824,0.07009185602267577
simclr,partial,0.001,0.05,3,0.8014140356567364,0.8015578228763377,0.005225931042459271,0.17660572917800846,0.005146798716101323,0.06681122098650247
simclr,partial,0.001,0.1,3,0.8353078881329578,0.8353257624203955,0.007357740928735833,0.19839615430769794,0.002157152451193572,0.0663611136731647
simclr,partial,0.001,0.25,3,0.8626519847832469,0.8552046620398048,0.009238264566155978,0.23088124566994891,0.011572902300063677,0.06714151446558843
simclr,partial,0.001,1.0,3,0.8951110187192909,0.8873399208547065,0.008744093284745067,0.2618502611734634,0.005175249436747866,0.0616843857034279
simclr,partial,0.01,0.01,3,0.6996338192819854,0.7115193288879883,0.0056441556740386475,0.12675100010368437,0.007197877353344841,0.06955839196840917
simclr,partial,0.01,0.05,3,0.8078304119938021,0.8002467612343475,0.010200943970307352,0.17370631655765237,0.0032898234962624806,0.05809576738448363
simclr,partial,0.01,0.1,3,0.8402877477699323,0.8335417653098226,0.012215577772739543,0.19818503028458426,0.004295171401493896,0.05638560936564483
simclr,partial,0.01,0.25,3,0.8656715224365182,0.8529246530924005,0.01420387818726325,0.2387165238678776,0.0056228083504404015,0.06283759800325917
simclr,partial,0.01,1.0,3,0.8961745622905317,0.8888846528637829,0.0032381177007414497,0.2614404813067947,0.0032094708333377164,0.0577095697686039
