method,protocol,fraction,seed,auroc_max_prob,auprc_max_prob,ece_max_prob,auroc_test_supported,auprc_test_supported,auroc_train_supported,auprc_train_supported,n_labels_train_supported,auroc_mean_prob,auprc_mean_prob,ece_mean_prob,auroc_mean_logit,auprc_mean_logit,ece_mean_logit
baseline,full,0.01,22,0.6133312156888485,0.06501522163159482,0.012547317713555954,0.6480289436994917,0.12607206152754388,0.6642727735544931,0.18286073752804632,12,0.6171860152606259,0.07041586885077758,0.009660371474482914,0.6153069664968952,0.07091038918977895,0.009897934617532139
baseline,full,0.05,22,0.7849782945112737,0.1407755767582191,0.01078768334226962,0.8040299989986549,0.2632112658056091,0.8031296197426899,0.19941193836564508,30,0.7898672875282284,0.14614736690671026,0.007891959294242539,0.7832372058685771,0.14627864532573215,0.00869479722411432
baseline,full,0.1,22,0.8138396727661502,0.1759979946486254,0.010854501798968902,0.8379358608334224,0.32916791016247454,0.8376231272095201,0.22619524137327476,34,0.819020689316043,0.17956458517044835,0.00630515138852998,0.8147726318975814,0.17829190655831725,0.00745204320971156
baseline,full,0.25,22,0.8547238883760396,0.2216439916097039,0.010984469132433167,0.8807699541793378,0.4074681957675574,0.8666814530761828,0.2553196914867545,38,0.8580165400891886,0.2261145206918145,0.005919039356447281,0.856586162379888,0.22530144254364143,0.007118661023567215
baseline,full,1.0,22,0.9260712590899566,0.34232523981023005,0.01050641765025065,0.9325740084690911,0.5348712487282979,0.9260712590899566,0.34232523981023005,44,0.9273950495340426,0.35335380059394234,0.006864368742004568,0.9268606303567354,0.3539042935311515,0.007749396962925526
baseline,full,0.01,54,0.6935053183623446,0.0769379859771608,0.013892790788325081,0.7066258088121542,0.1494975486082321,0.7012273427119965,0.1995971663099743,12,0.6999297300556754,0.08300046440304869,0.009545218604981446,0.6944741293662914,0.0830774318432796,0.009960365600115685
baseline,full,0.05,54,0.7847760188170375,0.13986984755191642,0.0112167307823977,0.8015365277213581,0.26385608813536643,0.8021719743525516,0.19420825547444778,31,0.7963050447695021,0.1453643882269574,0.010668134644716205,0.7950110543317741,0.14485382430905103,0.012196383530449979
baseline,full,0.1,54,0.8234939157435239,0.17363552063265417,0.010733526812166681,0.8419917159493122,0.31798865849998165,0.8288926879286623,0.22149819039232882,34,0.827933684164783,0.17964108426183853,0.008376318362148926,0.826524981531804,0.17872262856250065,0.009686833476197617
baseline,full,0.25,54,0.8416347274520881,0.19953851402299197,0.011176791261101987,0.8543810050800686,0.35557108531159615,0.8379952456736947,0.218236112085121,40,0.8462835107774315,0.20192329516913052,0.00784119012938721,0.8441857396422414,0.2000231254289903,0.008441271454929929
baseline,full,1.0,54,0.9306302784611643,0.3598219919307352,0.0105501530596257,0.9326344574510208,0.5407800288001826,0.9306302784611643,0.3598219919307352,44,0.9315809627628145,0.35991897430778097,0.00699709897131258,0.9308895379158105,0.3563047738030347,0.00804365035374262
baseline,full,0.01,71,0.6488935280238571,0.0723032020440385,0.013919149810259445,0.6750920309252456,0.14102830843735234,0.6846529021521705,0.2087120690320539,12,0.6515763140642251,0.08093087980552102,0.009846077282004857,0.647101127030057,0.08097216520984298,0.010118224792413665
baseline,full,0.05,71,0.7702566038003894,0.11787859104515563,0.011951870135073312,0.7853013508279252,0.22806475936911022,0.7791503680365083,0.16955247091061285,30,0.7717365950647864,0.12150226040232272,0.006176421348785962,0.7642236558636686,0.11992415943668334,0.007276298300894268
baseline,full,0.1,71,0.8303253691772419,0.18403015699307587,0.013616120611660872,0.8401547095907796,0.3452295780291272,0.8328471998736074,0.22957877143624686,35,0.8352884337311616,0.19033552415327923,0.0071697191150509425,0.8274431304035346,0.18968296982719676,0.008518631201008537
baseline,full,0.25,71,0.8693021523849911,0.21535002276090032,0.009471883460805812,0.8770954975580656,0.38691991132398984,0.866808994299252,0.23342884362073132,40,0.8715872799571523,0.21450069550083348,0.008208702229818631,0.8689300707637798,0.2127564030516253,0.009059425463827996
baseline,full,1.0,71,0.9299006609389437,0.3500854331307116,0.00978062866391321,0.9318602230057768,0.5302605726714567,0.9299006609389437,0.3500854331307116,44,0.931055224511561,0.35354651260081604,0.006906060294826685,0.9304292909237845,0.35257357093706704,0.007668601992029587
mask,frozen,0.01,22,0.7207608860593905,0.11748074888588764,0.01207004629499021,0.728481868392911,0.19914052127544682,0.7274213335155619,0.22537569403491,12,0.725850604597189,0.11964993539082562,0.01028010530775315,0.7245953869257108,0.11939379727447963,0.010687409564690659
mask,frozen,0.05,22,0.7975566018908001,0.15260478648962383,0.009517832603829778,0.798484789228096,0.2750328707516234,0.8003964963700347,0.2142995021393813,30,0.8052259198843233,0.16253967185968873,0.006829122245449071,0.806042733234687,0.16254199108599812,0.007155486057523707
mask,frozen,0.1,22,0.8166319299143161,0.17357196737740108,0.009244695583357105,0.8141956276822007,0.29947176849590995,0.8225687867425804,0.21237971905572783,34,0.8219579456234257,0.17782283198078122,0.006238830654049046,0.8221170184069758,0.17830756621058158,0.006633509295480425
mask,frozen,0.25,22,0.8437669562776899,0.19296249240148694,0.009006986646376447,0.8311257531882559,0.3164189317482105,0.841207606965359,0.2181972479807471,38,0.8501686782284619,0.19165974796456292,0.006344834865088119,0.8508886447758037,0.19146539678243005,0.006566481773688793
mask,frozen,1.0,22,0.876957198825052,0.22351164658771278,0.009541695326450782,0.8554210968989358,0.3493355164099531,0.876957198825052,0.22351164658771278,44,0.8820237559285914,0.22973167359830438,0.006290018086936946,0.8826453717416244,0.22982100747407827,0.006372900403303819
mask,partial,0.01,22,0.7306130119100007,0.1157131389189915,0.012000939365283226,0.7288470247480805,0.19385614105978086,0.7278328998014013,0.2299213937818645,12,0.7403872666702433,0.11883189526186708,0.010266151181399024,0.7390685566198628,0.11312822779328052,0.010255377328410925
mask,partial,0.05,22,0.7992639810689376,0.1684470165976256,0.010461694602306372,0.8083525500248928,0.2913980700882417,0.8088768247272647,0.23253927364754404,30,0.8089093216464281,0.1723713029095586,0.008828134874358346,0.8099719605179967,0.172571759358324,0.009776276630204124
mask,partial,0.1,22,0.8156688990182722,0.17520315349845952,0.01023057639851934,0.8217040520207038,0.3142345408802295,0.8195735680850401,0.22139211602769399,34,0.8188286436863822,0.18031951647159467,0.00619100694103219,0.8185187500926588,0.18116945975894805,0.006863076223887468
mask,partial,0.25,22,0.8419988231480218,0.20894627200290164,0.010523968398138224,0.8498390856322734,0.34876470367262163,0.8567716787786274,0.24004534369557576,38,0.8462076773436865,0.2108178312531722,0.005690125483260483,0.8462269991437356,0.20935338590499927,0.006079020817475628
mask,partial,1.0,22,0.8866795313204626,0.25622394613831645,0.01173162154089172,0.8775302090025286,0.4023815932792999,0.8866795313204626,0.25622394613831645,44,0.8914801928375468,0.264768594296703,0.005549214011568473,0.892192350960962,0.26314896703710233,0.005729284836950848
mask,full,0.01,22,0.7281443798049193,0.10521948778451655,0.013585638844646879,0.7566409799389733,0.19945480616682992,0.7584495851105015,0.25019937806071596,12,0.7265511165101053,0.11140876902657687,0.010953504906948101,0.7222470241183147,0.1114108068734657,0.011183202969804866
mask,full,0.05,22,0.8153306440054483,0.17120961359317344,0.012332768647594734,0.8230466312118692,0.3028934761530966,0.8237507237533704,0.23944066126261843,30,0.8126001775088052,0.17567256493900976,0.006879736237576196,0.8086146618589918,0.17588412428893022,0.0073812287423813605
mask,full,0.1,22,0.8430951208708787,0.19638310444229504,0.011207698164463925,0.8518375455899173,0.35733308573022243,0.849143186003314,0.25039358099511105,34,0.8465865997818617,0.1974401728688555,0.006862199020609048,0.8447417537043544,0.19625369904879955,0.008011135418004496
mask,full,0.25,22,0.8690848016240509,0.2535073893106619,0.011569361895164382,0.8863406086961104,0.42491382559658963,0.8779815542737565,0.29127895975299073,38,0.8742304846934856,0.25593194743443387,0.0069118593276830224,0.8745642736269346,0.25499549764806717,0.007912262155049244
mask,full,1.0,22,0.9276734995816678,0.35305304343691374,0.01001330007892162,0.9331544442990837,0.540478089330515,0.9276734995816678,0.35305304343691374,44,0.9306105937556107,0.3587257557278217,0.006888011054604833,0.9305078790860236,0.35970620138648857,0.007625713641922196
mask,frozen,0.01,54,0.7459977806341356,0.12988003318430788,0.012717900401412408,0.7466514213404964,0.22198180784751761,0.7575323290057258,0.24854446997141869,12,0.7443220500240799,0.1324138026539419,0.010928439010905839,0.7451543114011813,0.13183816007673255,0.01101003724990464
mask,frozen,0.05,54,0.8099349163958532,0.1565959661867918,0.009912131098221007,0.811375995961222,0.27822001193867374,0.8241080427308541,0.21752776925095835,31,0.8152922199069952,0.16102011301291108,0.007866407618936673,0.8176533051893028,0.16092865217283567,0.008199055428804058
mask,frozen,0.1,54,0.809527568821138,0.17375865988370143,0.009608149315228203,0.824818267193534,0.292217876761284,0.8355828202120404,0.21332494063415516,34,0.8158719660725431,0.1730841728927974,0.006982585947897943,0.8176268573690941,0.1709149069692412,0.007248751617158756
mask,frozen,0.25,54,0.8590258678170261,0.190621099614514,0.009135961207200373,0.8386549199127371,0.31860027438814237,0.8571701086483081,0.20679470705667286,40,0.8642120433797448,0.19541544620665202,0.007582029882651139,0.8633766017784098,0.19412891152066578,0.007615508378772905
mask,frozen,1.0,54,0.8791444189813064,0.23454155982203398,0.010091452310875453,0.8558436021856146,0.3505341809960435,0.8791444189813064,0.23454155982203398,44,0.8836495047207008,0.24684146996841888,0.006252029544487992,0.8837507176279016,0.24390144813697592,0.006311736097441925
mask,partial,0.01,54,0.7230532830872293,0.12629527605233018,0.012843688789664819,0.7406579749490314,0.22861587858067275,0.7501386923118049,0.25718021018716114,12,0.7258360009317814,0.1284042919681397,0.011657162018433486,0.7285397244409197,0.12786334414408193,0.011813319502132137
mask,partial,0.05,54,0.8037465105268577,0.1577164841039477,0.009985381130832138,0.8122529850652914,0.2797623635164772,0.8195656778634012,0.219416396848857,31,0.8121300683380575,0.16323390806257582,0.008259055650729475,0.8124972247258699,0.1635583793296699,0.009085092371192744
mask,partial,0.1,54,0.8234098930676109,0.18301794034405033,0.009720194049309199,0.8375487238055219,0.3216907546475402,0.8440346473018042,0.2350214125580781,34,0.8307212081106304,0.19011744595014182,0.0057694823135741235,0.8313849613458122,0.18997811205265736,0.006452259381505469
mask,partial,0.25,54,0.8557136241377414,0.19859897361607537,0.008837820002585513,0.8462223634122653,0.3322642971557747,0.855751983222585,0.2146341411484684,40,0.8616636330755454,0.20551076390524703,0.006701380830959765,0.8614161445373381,0.20654712665905775,0.007065954705268496
mask,partial,1.0,54,0.8863518618495863,0.26248296204643107,0.01105821805475154,0.8813907876373067,0.40963947744625495,0.8863518618495863,0.26248296204643107,44,0.8928854107968701,0.2698648880763367,0.006335863521175353,0.8939490770073704,0.26971085304150405,0.006619791783603804
mask,full,0.01,54,0.7190984489186234,0.11152908509152569,0.015064860238701593,0.7587575063799324,0.21639094247833168,0.769990423263388,0.2632894955552784,12,0.7200923572876616,0.11552674237539717,0.012529647169292895,0.7240241515193738,0.11462533934748423,0.013498618432487836
mask,full,0.05,54,0.8193450384557805,0.16850876036606557,0.0102535594167586,0.8268196867903193,0.3058335940090372,0.8297167215754861,0.226594142364837,31,0.8278877381103567,0.1768650788011184,0.008041588049267872,0.8268023929296099,0.17700214834994918,0.008921422207219042
mask,full,0.1,54,0.8335679811764684,0.1960114286416292,0.00977912485466897,0.8556267067972194,0.3500771297863846,0.852275910845956,0.2495165513393133,34,0.8382054468716768,0.2036835086800548,0.006612818177173226,0.8353536855664689,0.20417326667146327,0.007649463514553645
mask,full,0.25,54,0.856966766787825,0.21325787228310758,0.008795970092313093,0.8577112425579668,0.36060763303680254,0.8552074743154374,0.23289738433844667,40,0.8614052293818036,0.2180613370571934,0.007466809746471303,0.8601054245847041,0.21719919913837146,0.00785438507591607
mask,full,1.0,54,0.9311120249258529,0.3602367914721144,0.009431448775414837,0.9337883822671539,0.5433915593959081,0.9311120249258529,0.3602367914721144,44,0.9324430731051773,0.36372108297199723,0.006226033988608296,0.9323338070129712,0.3634155612590021,0.007041273098795128
mask,frozen,0.01,71,0.697795864600936,0.09880416823781207,0.014246067272365921,0.7298299622024166,0.1779337326989505,0.7537789911243581,0.2445774956549803,12,0.6926331659199154,0.09779359311183417,0.011994597959487279,0.6832683588600692,0.09270856810420923,0.011936064813240095
mask,frozen,0.05,71,0.8015077349823982,0.17068043684960885,0.010276663631895066,0.8099057462856817,0.2739254274862158,0.8240169727930587,0.22359908080148544,30,0.8060260954216957,0.17144655010606952,0.007867132823217948,0.807927326984415,0.17252206782960922,0.008275528239892083
mask,frozen,0.1,71,0.8248375656143598,0.17675943391766455,0.00968151924689535,0.825616668326159,0.29449686649078605,0.8340495878856659,0.21490793425129504,35,0.8282659211645664,0.18479242791727887,0.006675428494689454,0.8297106891375876,0.1850675819366548,0.006923094122715735
mask,frozen,0.25,71,0.8524662374069845,0.19961370429663236,0.008428633439438922,0.8391474716861002,0.32162081045042457,0.8470993808165149,0.21841878982485938,40,0.8547699217023087,0.20532867192580004,0.007226799207067167,0.8542083998047278,0.204825219069198,0.007385400008471069
mask,frozen,1.0,71,0.8805716819028973,0.2272181758120138,0.009047212921858132,0.8560600382691613,0.3476243203155911,0.8805716819028973,0.2272181758120138,44,0.8836046836039013,0.23225603261209232,0.006418999345684865,0.8837624278680469,0.23220387468319253,0.0064359540963736936
mask,partial,0.01,71,0.684507229898768,0.10421821295835808,0.013408881934713629,0.7105052692346773,0.17649063709949248,0.7441538991421986,0.2434175690924769,12,0.6751744908855435,0.0960198856456491,0.012074967953346706,0.6682982966448926,0.09199306270367956,0.012681846064961892
mask,partial,0.05,71,0.8011584226318719,0.14667045576146895,0.011128754023171827,0.8019601262735079,0.25094580794072996,0.8061638475625592,0.1943566423843556,30,0.8090203393850427,0.14698608780884623,0.008604163683850691,0.8084899386101777,0.14347249126467876,0.008933466626847969
mask,partial,0.1,71,0.8284200685581148,0.18015180107619358,0.010204333756302152,0.8278544687770645,0.3076114187838706,0.8337214276135657,0.22449486250834497,35,0.8359493415242621,0.18941777985218178,0.009043948487384445,0.8369492344854265,0.1887762657354225,0.009879860739731199
mask,partial,0.25,71,0.8553527406488167,0.20216015738303642,0.009800410166390479,0.8443509762114223,0.32712247386709514,0.8503144128375798,0.2215211153338374,40,0.8587312538142122,0.21887448284711297,0.006223516203301022,0.8587468629127766,0.21978173319448568,0.006705104236723194
mask,partial,1.0,71,0.8873608033453743,0.25396484924005286,0.011497651651617181,0.8763231453806685,0.3902251202753318,0.8873608033453743,0.25396484924005286,44,0.8889579634209734,0.2562184801011868,0.005760591478797685,0.8886780989686166,0.25515210020195433,0.006060991129402282
mask,full,0.01,71,0.7122665991529353,0.11368327408425753,0.011699502432210547,0.7543010150228098,0.2047324408407537,0.7693982222387447,0.264103550386986,12,0.7086799283806573,0.11404139899518012,0.008906192115250051,0.7034794331779192,0.11278783670775408,0.008824480880191872
mask,full,0.05,71,0.8088626439302588,0.1728363778905438,0.012961133793873293,0.8349835074553734,0.31558855234485134,0.8326323842162412,0.24596690932330195,30,0.8151641789908642,0.17891109365897895,0.006282865535757248,0.8140228642013455,0.17847436113579015,0.007130866043207168
mask,full,0.1,71,0.8387285479579955,0.19445868454621718,0.010612068998749568,0.8390524675768728,0.33288594531481214,0.8339245611217178,0.2379076246453631,35,0.8443554854167507,0.19477520355008612,0.007229988095332374,0.8426827440628041,0.1937125574053157,0.007556880262202722
mask,full,0.25,71,0.8893140055113651,0.23764138321341288,0.01015198324395783,0.8898447739236368,0.39970447404361514,0.8846157971117357,0.25794194158220357,40,0.8909256151915023,0.24800176594859671,0.007237510765796948,0.8901601495325386,0.2465827705584197,0.00829113524368743
mask,full,1.0,71,0.9330186167881501,0.36045666638066703,0.010307889947693383,0.9335171296947612,0.5403455312473755,0.9330186167881501,0.36045666638066703,44,0.9347490820887682,0.3664429983877561,0.006488287879632667,0.9339690195130729,0.36266138237127366,0.007148267423407875
denoise,frozen,0.01,22,0.6753650594557754,0.0896154549197863,0.01204544674403058,0.7046047738880071,0.16373094648425016,0.7180735450709953,0.21894240736254333,12,0.6645277755361719,0.08901698962691215,0.011647542154357572,0.6483965311508538,0.08802880895663377,0.011664745153459742
denoise,frozen,0.05,22,0.7839222808346265,0.14375156936734737,0.009815232693065147,0.7987428442396117,0.27135852847755976,0.7990945614514922,0.20468799101534335,30,0.778803807816194,0.15330878102138715,0.010179973704577027,0.7410576945666535,0.1511416527874548,0.009962511958375135
denoise,frozen,0.1,22,0.8130615645625761,0.17468810619362743,0.010602081784993929,0.8324932454702072,0.31402078480830425,0.8244366974787379,0.22350742287772443,34,0.8148786815239802,0.1795233834842576,0.009916278173188237,0.7806849239772059,0.17785664692208855,0.00971722557729167
denoise,frozen,0.25,22,0.8469309733185937,0.2071543630161633,0.011867920238439017,0.8530036969934375,0.34213166826512886,0.8543651051920417,0.23867567935281142,38,0.8450939671822497,0.22647942011751565,0.012227504922892958,0.8262122956881797,0.2255920202686841,0.01221297644813872
denoise,frozen,1.0,22,0.8798690520247786,0.24712849447074534,0.01474306458666516,0.8709717258350803,0.3710033822060768,0.8798690520247786,0.24712849447074534,44,0.8827865270716323,0.2488600063951065,0.014708254687403414,0.8806600470409977,0.2500868226703656,0.014626494859840022
denoise,partial,0.01,22,0.7181968897387645,0.09057894655841366,0.012582783298039534,0.7392715194410965,0.16614695777651964,0.7482543695242532,0.23000040591015983,12,0.7004097110569588,0.0933412641491143,0.01294419069158017,0.67957369075983,0.09151353133294328,0.012980824000798918
denoise,partial,0.05,22,0.7920758282340578,0.14787772486430945,0.011341975138153966,0.8034218081619967,0.2758452886126603,0.8070571914469161,0.2112834789290225,30,0.7840715231629297,0.15618821571239597,0.011410703728069778,0.7467534723127155,0.15364212486509748,0.011542256660277417
denoise,partial,0.25,22,0.8608402260864907,0.2132627304128248,0.012254635835068422,0.8603241782503057,0.3525487518421545,0.8636272998810671,0.245459062084003,38,0.8604093986186062,0.21998420460607662,0.012579386484834355,0.8356500673830077,0.2182941499174217,0.012662838728994591
denoise,partial,0.1,22,0.8231779136718753,0.17985119936517488,0.011091034545477834,0.8434908832542763,0.3286055943438774,0.8335087550580945,0.23007015110574364,34,0.8178327064270307,0.18371215623407575,0.011591399811818932,0.7799109218784259,0.18087272175970656,0.011105480884328823
denoise,partial,1.0,22,0.8879723425509929,0.24157025251506956,0.015084439673128973,0.8755074989826076,0.3762013383265348,0.8879723425509929,0.24157025251506956,44,0.8921115355685024,0.2535991177287065,0.014893584021840732,0.8909763459797305,0.25367154941079306,0.014901115132075078
denoise,full,0.01,22,0.7191797428842575,0.10198230928188634,0.011862625105178186,0.7622726362316515,0.19736165178724888,0.7724694260294546,0.2767186900975856,12,0.7123452682491543,0.10606018071721611,0.00927986614277126,0.7073516562526098,0.10341716341378258,0.009555681016991002
denoise,full,0.05,22,0.8032040845360242,0.1827088539337957,0.009195265979087708,0.8239289053937617,0.32932143315798695,0.81906382248289,0.25139676003403866,30,0.8043695211027407,0.1793860695656668,0.00744709246676352,0.8028610852626451,0.17871044116283913,0.007816198534948688
denoise,full,0.1,22,0.8320765272498238,0.19470827162639576,0.010379202789380315,0.849979019529795,0.35371422175636147,0.8470126586876703,0.24910880642361846,34,0.8403777585923169,0.20300828732646217,0.008527469467666875,0.821839267245892,0.1973920989090949,0.00996103632149925
denoise,full,0.25,22,0.8685526049334306,0.25817850246991747,0.011463530929642151,0.8868504191003511,0.4264395238624801,0.879771704863999,0.29546805331860876,38,0.8759628016515038,0.2560563927485584,0.006526334961852792,0.8766126197229795,0.2507380710245214,0.007418112091174448
denoise,full,1.0,22,0.9332880604103546,0.36214621751300896,0.009458494758500923,0.9360565224567665,0.5369585269770953,0.9332880604103546,0.36214621751300896,44,0.9340804393238838,0.36909799117438397,0.007322047602142137,0.9328085063546218,0.36590137841539844,0.007974861556864322
denoise,frozen,0.01,54,0.7058042046870346,0.09448734898896828,0.013332558521142346,0.7175891256954608,0.18354014627202073,0.734313472432223,0.2482445976736101,12,0.7015603555754573,0.09922318949966182,0.012755345291659316,0.6889088364389138,0.09839560383735851,0.012590826879287224
denoise,frozen,0.05,54,0.7764743107305102,0.14743084630777525,0.009971227458766985,0.7991906484613541,0.2726947727158484,0.7981725066756296,0.20584947714058394,31,0.7777492021899636,0.15503512522852275,0.009552086220020845,0.7554455439509483,0.15362569941597393,0.009422301520280806
denoise,frozen,0.1,54,0.8082464648098875,0.17984088202445708,0.010015795926537148,0.841932395510859,0.3154891885010838,0.8244171462348141,0.22516325575757312,34,0.8092091520420926,0.18365341842370986,0.010328298245192193,0.7760478992391853,0.1809911402448674,0.010066390055171
denoise,frozen,0.25,54,0.8381753371929551,0.1995203221197972,0.010691868375860477,0.8433570035918424,0.33339135516114415,0.8295790880185863,0.21448005546818422,40,0.8445250536312602,0.20485275654253818,0.011070536883607929,0.826076224665194,0.2036231634077484,0.011059087801454965
denoise,frozen,1.0,54,0.8784316684934222,0.24318647582601416,0.0132329707226249,0.8716931017424967,0.3859314046386544,0.8784316684934222,0.24318647582601416,44,0.8858472438139002,0.25138227234398164,0.014565473350888748,0.8854069322357266,0.24885180184835842,0.014508024506478085
denoise,partial,0.01,54,0.7126774806285234,0.08840374073143918,0.014003766587445005,0.7215675841364996,0.1690344104245876,0.7323678675692794,0.23183781524985558,12,0.716969824167805,0.09345856068395123,0.013042997281931175,0.706646525999302,0.09290475962848901,0.012856130864489305
denoise,partial,0.05,54,0.7853858647912412,0.15246080143068472,0.011264205279055452,0.8081380201316325,0.27533691522937176,0.8056240640055061,0.20569142642291552,31,0.7852858817577876,0.1588516060090012,0.01093464833775215,0.763919730002754,0.1563381081804789,0.011084102884596674
denoise,partial,0.25,54,0.8550101299486911,0.20241409241895747,0.011941734555627838,0.8538988095936262,0.33530712088832787,0.8501641895522976,0.22072568757406272,40,0.8593923222181146,0.21099103781517645,0.012615288887497461,0.8472831325490287,0.21025047098687263,0.012670910843181364
denoise,partial,0.1,54,0.8160734256548916,0.1917510128798108,0.010105694490526028,0.8498567703212878,0.32924025135514123,0.8336726477129851,0.24246532131701362,34,0.8170808792554126,0.19177155498793635,0.009397207495505261,0.7882959134038078,0.1894607168230813,0.009037139872403217
denoise,partial,1.0,54,0.891336572443083,0.2679865640958136,0.01075212796480297,0.8921174958234139,0.42999976451734834,0.891336572443083,0.2679865640958136,44,0.8963751143478759,0.2763949906502614,0.010224562375035683,0.8965778155311906,0.2766636019190291,0.01023066009036649
denoise,full,0.01,54,0.7235106206438605,0.10448198433914833,0.013027568924578438,0.7451235754492066,0.20382587043587708,0.7465133085595266,0.2713890602057809,12,0.7091678998472236,0.10629205215761356,0.01108842482736608,0.6924112604352842,0.10435723449189474,0.01091058995060931
denoise,full,0.05,54,0.8051731804912273,0.17774560930830788,0.009364817447517866,0.8251512139577215,0.3187577008142466,0.8246267364163367,0.24717475341049835,31,0.810130575989442,0.1799085868125445,0.007435221913738133,0.8069741532196782,0.178083572910164,0.008033910245912197
denoise,full,0.1,54,0.8335590317817467,0.2079084190029218,0.009662387488984596,0.8682193901296893,0.3698060811617347,0.8534246613494828,0.26148747990336974,34,0.8383804678966787,0.21738852395529096,0.01001689539084406,0.829177612374697,0.21088094121661713,0.011066771173649282
denoise,full,0.25,54,0.868762054164565,0.23769991450406297,0.00883111912450264,0.8724107532827079,0.391128623571049,0.8671983949088243,0.2574173642431786,40,0.8712442800636022,0.2461646182474907,0.0077700340280326685,0.8692752301732277,0.24560443728481482,0.008369348055773364
denoise,full,1.0,54,0.9270033673250136,0.35266832830202954,0.00928124409383651,0.9327305053298923,0.5241901027683921,0.9270033673250136,0.35266832830202954,44,0.9280702271852168,0.35388340247423905,0.005896952146237957,0.9282016081357053,0.35390155660213424,0.006505434656797992
denoise,frozen,0.01,71,0.6832369843866534,0.08402529642085955,0.012984593921084359,0.6994033956808651,0.16363360131509364,0.6947504558097463,0.20193463498659592,12,0.6604390720070866,0.08468084317736345,0.014058459783882427,0.654754140551195,0.0835856139858875,0.014080835765438142
denoise,frozen,0.05,71,0.7919070863736942,0.1519393994797256,0.011317033617977111,0.8087756064626649,0.27356905203343845,0.8113470005770042,0.20938250506052944,30,0.7791268053193462,0.16703678609613667,0.010915178254683931,0.7583596785360751,0.16585390606069164,0.010742047485357696
denoise,frozen,0.1,71,0.8313666931859302,0.17945114200235626,0.012661756682146834,0.8251901613097559,0.31034293501902893,0.831276753268391,0.22011114400627224,35,0.8170799897625322,0.18722926359388492,0.01174150151657407,0.8028832449441826,0.18716456568780407,0.011671847343946369
denoise,frozen,0.25,71,0.8567539408294597,0.21222924300381016,0.014313784784214724,0.8510929770593572,0.34490315588909454,0.8564544653027285,0.23192860920818786,40,0.8602093439885377,0.2196039491640822,0.013524741370433318,0.8483678867153728,0.21908114055816447,0.013386904056295118
denoise,frozen,1.0,71,0.8814646306829202,0.24026738478980175,0.01596476701574416,0.8723049607289443,0.3888317754866935,0.8814646306829202,0.24026738478980175,44,0.8888207611750493,0.2640496899293882,0.015495667795469424,0.8886140754995098,0.25823411706159355,0.015304056078011026
denoise,partial,0.01,71,0.6798485903121022,0.08225153932068884,0.013852824036885895,0.7118918792728002,0.1630072173534559,0.7148894294575823,0.19884900869123323,12,0.6852210925820412,0.08789769897059747,0.013468355528444094,0.6834199946291701,0.0884174520951265,0.01358158131535509
denoise,partial,0.05,71,0.7879275954331348,0.14007824477912328,0.010841921374879927,0.801897708000138,0.26047981674120535,0.793452839322541,0.19613039015008185,30,0.7798297724553229,0.14663993660443317,0.01244152519219907,0.7558004554658531,0.14566966087020708,0.012337634718361105
denoise,partial,0.25,71,0.8636652905278104,0.22084713973085332,0.013909792661949765,0.854004581419581,0.34468009508566433,0.8580994358197629,0.22533480094425432,40,0.8638166110784883,0.22829583154960875,0.014078366472011277,0.8442392893213282,0.22896749954971748,0.014114117667015142
denoise,partial,0.1,71,0.8276867687312073,0.19070235109778821,0.01349667156188678,0.8307164858380887,0.3132861153195766,0.830111238919173,0.22958091874806427,35,0.8107996500215549,0.19561164657848182,0.014112702533773037,0.79386136599285,0.19482584500828778,0.014158807471010898
denoise,partial,1.0,71,0.8976633931074459,0.2689327173063138,0.012186629348760065,0.889371421334017,0.40846191410723315,0.8976633931074459,0.2689327173063138,44,0.899274415723487,0.2818986971135264,0.012109714640080876,0.8991518558147908,0.28291988375590144,0.012299686258798332
denoise,full,0.01,71,0.7331004587113609,0.09537597821496314,0.011505611299226488,0.7333908021345013,0.18566093402540015,0.7450412855399366,0.2418644469560777,12,0.7284035738307403,0.09628502633278738,0.009241540727254522,0.7093802400094082,0.09458933466396643,0.009164555040859506
denoise,full,0.05,71,0.8032626736103562,0.18151523589475962,0.010104162654734884,0.8390522669498847,0.33285617490172437,0.8352006000672328,0.25883802051272886,30,0.8008694263667183,0.18691821027594413,0.006836676730027979,0.7721982275323611,0.18242534467848748,0.007429257598025949
denoise,full,0.1,71,0.8464698102198269,0.22320154347253676,0.010958080555807019,0.8596783953659758,0.3880235675366457,0.8561172366426207,0.27862337795997016,35,0.8527567010284268,0.2267166403063069,0.006769393078353791,0.8481430772376275,0.22579709709743712,0.007703134343397654
denoise,full,0.25,71,0.8873442759829072,0.2591506113346839,0.009351977799683069,0.8901823719362538,0.42533701366112714,0.8815815022430232,0.2834338337314988,40,0.8910453677787608,0.26287280541243535,0.007832178876102798,0.8908768991282845,0.2638309157916226,0.008183989209900166
denoise,full,1.0,71,0.9283606688644283,0.34052204154662685,0.009061650818781882,0.9327329098828072,0.5325858516514811,0.9283606688644283,0.34052204154662685,44,0.9306420708467349,0.3479818805532005,0.006370414320516912,0.9308485543845435,0.348252641285243,0.006957632089159399
simclr,frozen,0.01,22,0.7064371095889777,0.11642055886922596,0.0132463374041756,0.7390771271219087,0.228412070550913,0.7506454750396836,0.26921150255091925,12,0.7012119249023326,0.11927505906263507,0.011295970311617897,0.6981003678718609,0.119531870329336,0.011456012344394266
simclr,frozen,0.05,22,0.8023066848689466,0.17314252218671428,0.00906255168497823,0.8074754615197864,0.30969960769502025,0.8163456726477956,0.24173917905329742,30,0.8057623860436869,0.17407004440240198,0.00742041470593077,0.8058991535248098,0.17319925310293968,0.007756076024406866
simclr,frozen,0.1,22,0.8299100161430623,0.18742808412043094,0.00796670280190235,0.8205580440857579,0.3225493416156853,0.8343931904323449,0.23534563592402272,34,0.8318294767773995,0.19052119471756007,0.006245405259898524,0.8308809051756417,0.19050516363559963,0.006582507821762688
simclr,frozen,0.25,22,0.8498510065943283,0.23963726456424847,0.0071523901689894065,0.8477874640720041,0.35831391362600684,0.8624888601372213,0.274761375500208,38,0.8513450923462528,0.23541215201667223,0.005571120410272876,0.8510052318736693,0.23307586664132007,0.005872282743821829
simclr,frozen,1.0,22,0.8776425525728517,0.2647820544700252,0.0074633543667294525,0.8607689875729627,0.3862110290067381,0.8776425525728517,0.2647820544700252,44,0.8800285357745719,0.26207443843455935,0.005978375673619948,0.8801570120474381,0.26120303252219484,0.005914286684675509
simclr,partial,0.01,22,0.7130168248199191,0.12364218466142206,0.012863194585406745,0.7424598669972331,0.23834553633360014,0.7515386234738113,0.2787270203797655,12,0.7051855556725571,0.12635274324222473,0.011196431273798556,0.7020122577371543,0.1263351569094605,0.011451558392040666
simclr,partial,0.05,22,0.8036212133188425,0.17010343060245778,0.010029655638701033,0.8079454850471415,0.3132921544938714,0.8171603232876291,0.24087962835702376,30,0.8053379982050295,0.17223374459828286,0.008560838468915997,0.8048424445901275,0.17248496032839886,0.008905816925466648
simclr,partial,0.1,22,0.8207961095407946,0.19841879222138248,0.01004732550766686,0.8201211147535251,0.33806702782973974,0.8299665931104907,0.2489975394173646,34,0.8199033672366656,0.19964256595850396,0.007601081709718859,0.8177349364422422,0.19920897829477902,0.008615372397715955
simclr,partial,0.25,22,0.8367130163587337,0.23649033983410633,0.009762133908307906,0.8477126493653555,0.36953017694294,0.8594765542275146,0.27039353820741896,38,0.8395666519382055,0.23254804117396216,0.006406769853873067,0.8389670908570249,0.23000503390872745,0.007357970335394012
simclr,partial,1.0,22,0.8855453774054691,0.2578018502788367,0.00886139106558465,0.8713052007645372,0.40451326462627124,0.8855453774054691,0.2578018502788367,44,0.8851352350290056,0.26104850049831724,0.00662765756636671,0.8839999119849438,0.26246877649690775,0.007310834539783751
simclr,full,0.01,22,0.7185838568562065,0.11418675639165919,0.013718633376894022,0.7446820808571545,0.21625714283244607,0.7530412949998859,0.2763434607280578,12,0.7185374232589238,0.11781515353659013,0.011177891962512893,0.717135254928571,0.11790933399790776,0.011722178663479677
simclr,full,0.05,22,0.8170731099542354,0.18172193339314924,0.012815917926080157,0.8218919267643697,0.32456533069238247,0.8311994539819992,0.25427707761598695,30,0.8245384259806205,0.18538964949521047,0.009058303092739483,0.8253860341317044,0.18502167677130907,0.00996861242459669
simclr,full,0.1,22,0.8431420061677972,0.2021126671935245,0.012257482882546356,0.8540868089365249,0.3729698075035457,0.8560526526652974,0.2595877235078965,34,0.8473289874277363,0.2047954802906515,0.009585861352690017,0.8460139636513943,0.20473820748638252,0.010615712624939988
simclr,full,0.25,22,0.8778823507669382,0.2606122514047143,0.01159496182586653,0.8932314932487642,0.45104910331296577,0.8808779086686095,0.29881991055621987,38,0.8809446114112736,0.2655525399278444,0.008081812795358962,0.8795770980571589,0.26569860553945146,0.009294727429129068
simclr,full,1.0,22,0.9320611381641304,0.3653679010041998,0.00919169899374207,0.9326350480669825,0.5343842973139373,0.9320611381641304,0.3653679010041998,44,0.9328731940051387,0.36689239542902147,0.006936252946207266,0.9325794615656925,0.3663497468123353,0.007428944551767297
simclr,frozen,0.01,54,0.7024198487682634,0.1259992925163328,0.015322675561482025,0.7399901166248739,0.23725128120674302,0.7577533068873022,0.2891359200435615,12,0.7058548930561956,0.1265729620298113,0.012906131645898065,0.7064453345537423,0.12615088511786346,0.013027785213001731
simclr,frozen,0.05,54,0.8106679257766586,0.17947610468744896,0.008405059850081836,0.815752529001019,0.30440961011714185,0.8244915565430935,0.2354389826668709,31,0.8155279318247722,0.18202938341751415,0.007829742247953287,0.8154654074457802,0.1819264355338391,0.00815609851530429
simclr,frozen,0.1,54,0.8333259291707225,0.19492529433277994,0.007551805320955199,0.84100714090018,0.34007917725943787,0.8534258778040721,0.24690811024522502,34,0.8378837396507042,0.1990624192518393,0.005723681994125359,0.8378673212151374,0.19891235993851805,0.005943663743189311
simclr,frozen,0.25,54,0.8670460849426894,0.22231396575114773,0.006690538941194807,0.8484438875412846,0.3512337814459624,0.8627049979166742,0.2395227710518748,40,0.8705348191240637,0.23439686739071455,0.00587326714670863,0.8700246065383848,0.23443379776909426,0.006102447555948939
simclr,frozen,1.0,54,0.8820414533630262,0.25016135855084476,0.007925879926303154,0.8606204010279486,0.38228405391627873,0.8820414533630262,0.25016135855084476,44,0.8850088664751555,0.2544981617225197,0.005905376295386718,0.884993810363799,0.2535946462943143,0.005939036314502614
simclr,partial,0.01,54,0.7052774376758321,0.13498080206809873,0.011688051104618518,0.7612927597729447,0.251649999983885,0.7753609836243444,0.3029170148333324,12,0.7006291739933604,0.13640706897737698,0.009827944554067679,0.6987560452531635,0.13628769116561104,0.01024071920193137
simclr,partial,0.05,54,0.8083329206205189,0.1744649996242653,0.008744734284143553,0.8154074455163354,0.3067806589385149,0.8266075801038726,0.23103397712525042,31,0.8144924760628367,0.1761615259998308,0.008165543893276415,0.8143539704476094,0.17580520936271857,0.008772819485660544
simclr,partial,0.1,54,0.8346818563783933,0.19377775144583695,0.008509305434537075,0.8382262555346481,0.3378001486176995,0.8512232004753356,0.24788768575120212,34,0.8392757206699037,0.19717413810793974,0.007007953838296999,0.8379031604333421,0.1967030095856921,0.007510239791899535
simclr,partial,0.25,54,0.8631839062435567,0.24511157122645433,0.007945157266641962,0.8495382884308379,0.35871222313208967,0.8580252527450403,0.2624194918797813,40,0.8631767239530717,0.25861382197300115,0.00731537836145112,0.8627152545102139,0.25833756076301007,0.007603359202567555
simclr,partial,1.0,54,0.8890974667175237,0.26386887498639067,0.009711940233459742,0.8736978043801726,0.40159915165245413,0.8890974667175237,0.26386887498639067,44,0.8906384620222628,0.2758354224331154,0.006006600671753404,0.891193140333483,0.2758936851261578,0.006499295655322096
simclr,full,0.01,54,0.7353167299816463,0.13322116037172435,0.011780900851409693,0.7719618134749746,0.2565099922214267,0.7782703586722416,0.3078143027762819,12,0.7264562107021565,0.13572605061913642,0.010307850879051082,0.7229512096164235,0.13586032245745866,0.010810221993024656
simclr,full,0.05,54,0.8403804093163756,0.18976824038625983,0.011408244519579759,0.8359865244641779,0.32193303662806216,0.8422665228073382,0.2431608610202804,31,0.8421687233834717,0.1916356578621443,0.009721423183057737,0.8402201653654764,0.1895097943197876,0.010737178892516009
simclr,full,0.1,54,0.8577382790055966,0.21372690749549228,0.012462953366810903,0.8701326166198584,0.3803262626288852,0.8634444478817899,0.27207857063981555,34,0.8598803050846864,0.21724798204872864,0.010293849851460767,0.8587245459100962,0.21729964721149173,0.011444282130526062
simclr,full,0.25,54,0.862348708346611,0.2245828787204778,0.00869932774442232,0.8666485724493472,0.38054865943403454,0.8629899663779101,0.24208831781941154,40,0.8682392771951032,0.2376288099207312,0.007543454065093481,0.8686849870366082,0.23784468518002708,0.00787212040495433
simclr,full,1.0,54,0.9330180397714223,0.3617132183518915,0.009570236251012044,0.9359498964866136,0.5429310396432702,0.9330180397714223,0.3617132183518915,44,0.9333486018894722,0.3701045887772333,0.00702284496600214,0.932399428612601,0.36963663004685526,0.0076446138539164495
simclr,frozen,0.01,71,0.7174026703138693,0.1277773660473842,0.012471124297173281,0.754802850648628,0.24961037422464408,0.7788973538740067,0.3073604785724667,12,0.7202497083050026,0.13275654102751067,0.009931031266835982,0.720981678446566,0.13326329428385408,0.01038403318551156
simclr,frozen,0.05,71,0.8039568358542938,0.18276315792107647,0.008170683418561774,0.812775771952312,0.32208254673013903,0.8176619917791269,0.2609572540631724,30,0.810469905002707,0.18744751532721218,0.0066630585050378695,0.8116742229830393,0.18685437896509782,0.006800613214987938
simclr,frozen,0.1,71,0.8371304076952369,0.19790130841525008,0.007673672180978677,0.8330825831684562,0.34009868987384084,0.8357029863939348,0.2453210652544375,35,0.8390033647001655,0.2027246292797761,0.005888723889040684,0.8386709484642471,0.2023184533181227,0.006261517025021393
simclr,frozen,0.25,71,0.864078764612564,0.23764609856556793,0.007097485124619011,0.8490215495625604,0.3596066110964073,0.8617124442241515,0.26041754168430914,40,0.8669940639758267,0.24732553657583137,0.006061532996170627,0.866810883931414,0.24709313069288671,0.006272228222407896
simclr,frozen,1.0,71,0.8799570351078819,0.2582709013329318,0.006574652671154333,0.8604861912090127,0.3814025577281856,0.8799570351078819,0.2582709013329318,44,0.8824974114203035,0.26716364187330005,0.005970044145029037,0.8823065971720183,0.26626447048298063,0.006225916346817361
simclr,partial,0.01,71,0.7162637241682135,0.12163001358153248,0.014764439791881821,0.7474378054044618,0.23447524157738064,0.7732595079435124,0.28799503208945704,12,0.7225383093178205,0.12743058388028342,0.011177258289742233,0.7233363503533531,0.12735081741152435,0.011509650580220214
simclr,partial,0.05,71,0.7887861497636807,0.1765505194462342,0.00881045338764414,0.8148408196800833,0.3201697078841092,0.8066080372844872,0.2539666605773021,30,0.7956617855953089,0.17872453617743903,0.006587410947415409,0.7961218955353904,0.1785118713613367,0.006795845693866134
simclr,partial,0.1,71,0.8451473300102802,0.2023585471865335,0.009877579059589565,0.82588087739716,0.34295321895665165,0.8422268998282585,0.2501374774207091,35,0.8448705377694714,0.2079874942673845,0.00762198611085374,0.8435999694948257,0.20756594190344008,0.008126813178997529
simclr,partial,0.25,71,0.8588770366749113,0.23454766054307222,0.008430157688988775,0.8508567144527939,0.3632264773597524,0.8630985492666756,0.2570489148826546,40,0.8595005636801453,0.2439088458034184,0.006641555017805248,0.8587278965725403,0.24330772661197766,0.006928816100433075
simclr,partial,1.0,71,0.892011114468356,0.26265071865515693,0.00865094183717991,0.8764472890847498,0.4082797966690257,0.892011114468356,0.26265071865515693,44,0.8927464349255384,0.2676135568165338,0.005473574124871241,0.8923603423058162,0.2667533425784641,0.006007597218275474
simclr,full,0.01,71,0.6917302479767167,0.12623245149639703,0.011181445282897006,0.7446994066353918,0.2412433197068491,0.7846155584374549,0.30820033679681086,12,0.6869045098677895,0.12953516872570023,0.010046401590629599,0.6829257119592903,0.12909136059024398,0.010415177380903888
simclr,full,0.05,71,0.8011582605204548,0.19650974773995966,0.011689261584693482,0.8358222467974203,0.3555428276032678,0.8300244581613402,0.2824258649147352,30,0.8065893852985357,0.20032037200683364,0.008219681977452225,0.8075007855725062,0.19995959969650715,0.008973049715882036
simclr,full,0.1,71,0.8642003298649228,0.21900879912435672,0.01139202455343283,0.8703990445118508,0.3778982277746691,0.8686566834243774,0.27197250600288875,35,0.8688175817512427,0.221467990315932,0.007259870665858547,0.869114138258323,0.22035479507374253,0.007917384325181005
simclr,full,0.25,71,0.8923389726974588,0.2542886791340945,0.009394650544984208,0.8917570566204412,0.4227465165106147,0.8887899108960864,0.27746724071277556,40,0.8950634504337448,0.26455879256963705,0.008600804389309567,0.8930030717976696,0.26212277288376257,0.009219411074706262
simclr,full,1.0,71,0.9257068475039543,0.3388656547052686,0.009578703429889918,0.9297352375108539,0.526817785714195,0.9257068475039543,0.3388656547052686,44,0.926899156699466,0.34035038035666965,0.0064142372270223095,0.9261001607460305,0.34134755474009126,0.006576328643668397
byol,frozen,0.01,22,0.777005846689249,0.12476379783891108,0.011127548287401045,0.7739361262400489,0.23647553391027198,0.7669020420313274,0.268585634789069,12,0.7799680281335953,0.12902446489892253,0.010478303540284369,0.7794804054425708,0.12950327320589305,0.010595583020569227
byol,frozen,0.05,22,0.8049494636997473,0.17270909645535737,0.007228052402979301,0.811801748127328,0.3097611442001951,0.8160718852949275,0.24063471652545207,30,0.8061841436334458,0.1704545418409529,0.007047792383549346,0.804725927971086,0.17012704708837123,0.007222964282236303
byol,frozen,0.1,22,0.8174128529106482,0.1914651400331895,0.006479718181227864,0.8253249664538003,0.3420234984107449,0.8346944434219035,0.24065368657426736,34,0.8218112987116432,0.19237361343792755,0.005629104697949184,0.8217108051359758,0.19251857237648934,0.005695894033248227
byol,frozen,0.25,22,0.8444649497794877,0.23820271755496644,0.006901495737286661,0.8497685369574202,0.3719586574291786,0.8636206657309445,0.27378838741159806,38,0.847995190629594,0.23544642861892318,0.005403951945233778,0.8471147552327918,0.2348864716650324,0.005536226346397267
byol,frozen,1.0,22,0.8806984197588315,0.24931880036418655,0.007234611257693111,0.8672918632752177,0.3871939006588181,0.8806984197588315,0.24931880036418655,44,0.8835713452994578,0.25186158289092186,0.006946786971659755,0.8833566493009443,0.250624890514733,0.007024539492373482
byol,partial,0.01,22,0.7689749921902418,0.12449859636957435,0.011266785212021867,0.7710960092063563,0.23628117686050495,0.7674158677361939,0.268033661485967,12,0.7729073762367057,0.12688775788136128,0.010552013939228676,0.7725700621441344,0.12729074353838807,0.010583943249664364
byol,partial,0.05,22,0.8097799985123864,0.1673353937621796,0.007546011450445695,0.8150081087384835,0.30519067393271665,0.8235500640860085,0.23688559724636546,30,0.8121742737132713,0.17033797270290332,0.007570477578186993,0.8115521034360021,0.17041793984200423,0.007837413024286765
byol,partial,0.1,22,0.823115976674745,0.19149522916525588,0.007318514467972664,0.8336952039383911,0.3363552578915357,0.8446825476434094,0.24078290625508297,34,0.8258257212627508,0.19368054424779305,0.00705526510847676,0.8255257088986444,0.19332663857180218,0.00733089160423426
byol,partial,0.25,22,0.8549068572958284,0.21569310081139276,0.006502081098605314,0.8484080788804153,0.363727139473225,0.8643944256773701,0.2480437128407844,38,0.856249964407709,0.21720976982957965,0.0061777726996038755,0.8549414899558188,0.21705744998292742,0.006308790789505151
byol,partial,1.0,22,0.8923159670604732,0.2622061075808631,0.008490812405563536,0.8785206848529825,0.4115936153128669,0.8923159670604732,0.2622061075808631,44,0.895460393441018,0.2666255883974269,0.005813437934855095,0.8956841638299774,0.26589398120097596,0.005841226489224027
byol,full,0.01,22,0.7528383762084708,0.1345054683552465,0.011638049572177712,0.7725427882891156,0.253884955037996,0.770545507342897,0.2844490136970084,12,0.753763886410739,0.13587207863157172,0.010966209534827116,0.7528752128834683,0.13738248669753408,0.011148903494017759
byol,full,0.05,22,0.8073943588040496,0.1827059522962364,0.010156782115953045,0.8248628446301867,0.3193115870106147,0.8330798287967955,0.2451438451320072,30,0.8118097569238862,0.18565821168562352,0.008003714892869208,0.8116556462591451,0.1861223930440059,0.008535650359342319
byol,full,0.1,22,0.8483006105069312,0.2056923089656168,0.010718529010737464,0.8517575724464621,0.367043947920571,0.8553363718036197,0.2626221049855184,34,0.8516111542657363,0.2097795439930316,0.008236340393621462,0.8511200571222871,0.20969538289209375,0.009136299028816873
byol,full,0.25,22,0.8856815209235213,0.2580039101377057,0.01224062239674078,0.8875317085564918,0.43201272672041874,0.8873895468559588,0.2950492242647537,38,0.8884416001832158,0.26240078343872625,0.007141699533452662,0.8878806125895493,0.2616280112068532,0.008308051469818813
byol,full,1.0,22,0.9331615128369118,0.36476221316811563,0.010305466395821063,0.9331975670341996,0.5320598103702033,0.9331615128369118,0.36476221316811563,44,0.9352627245610093,0.37024081631924227,0.007520917514827116,0.9342854533798064,0.3694403366330076,0.008278136563691614
byol,frozen,0.01,54,0.771845213729181,0.12794497932004506,0.011517203878983391,0.7824159427933733,0.23839381961856324,0.7905698915481114,0.3080393518508612,12,0.7680186745364602,0.13307555729013923,0.010118293068155088,0.7668776856160676,0.13267474000164217,0.009972850216854567
byol,frozen,0.05,54,0.821199731190704,0.1680041245398978,0.006761927586560226,0.825067173348645,0.31023557604195673,0.8373026236647452,0.22808133472389389,31,0.822211840352958,0.1760351295190998,0.0068037290120369935,0.8211143329026052,0.1765516641878682,0.0069528109756075455
byol,frozen,0.1,54,0.833437020148854,0.18155889373227546,0.007174148460349402,0.8410140778838822,0.3329778757061224,0.8491320632242395,0.23091942689625605,34,0.8364686050294806,0.18343741298936547,0.006812946466084213,0.8356154948408104,0.18348763119584757,0.0069520868536197995
byol,frozen,0.25,54,0.8612856645064835,0.20425169140272662,0.006764408063485338,0.8490510416591758,0.34664660216488763,0.854858374297146,0.22136589520596325,40,0.8621526443100689,0.20736364855382264,0.006891037057895036,0.8613254616819342,0.2070985655147929,0.007028537816205988
byol,frozen,1.0,54,0.8751185091615742,0.23847596656339387,0.007153398216277393,0.8625399888941826,0.3781437519879084,0.8751185091615742,0.23847596656339387,44,0.8797080416616381,0.23885157597140572,0.006046047010427587,0.8802057155154288,0.23949634054179783,0.006203401390993432
byol,partial,0.01,54,0.7699184767979059,0.13208736154849007,0.014571580149115769,0.7740811938815702,0.24787922312282018,0.779828946302947,0.29867426465295843,12,0.7731089110642135,0.13267196143327406,0.012908660741479915,0.7727082794990751,0.13307031955172774,0.012901025484759222
byol,partial,0.05,54,0.8225628733566756,0.1802648434608255,0.007049553680789441,0.8225713467046665,0.3114494644417063,0.835009172930681,0.23422153820122094,31,0.8220098407642582,0.18216692559220862,0.00702939983354802,0.8204472887173266,0.18230241591262003,0.00728259685884454
byol,partial,0.1,54,0.8298975028952846,0.18582496588333777,0.007152933457229499,0.8420775031126047,0.3393649931140156,0.8495249201408716,0.23722973757383942,34,0.8333106168449487,0.1877804676137014,0.007320656415624233,0.8316107062712443,0.18811602392651675,0.007389000313775217
byol,partial,0.25,54,0.8611117098482108,0.21347072755393784,0.007713804387942053,0.846894256612525,0.34881072213884295,0.8574040861393474,0.22977253072948373,40,0.8611866718450653,0.2153554627102756,0.007421318807489156,0.8602213630275642,0.21611902614773026,0.007536031821411432
byol,partial,1.0,54,0.8895404573768517,0.2481212201195097,0.008664153469635753,0.8762231142795829,0.3977093517481678,0.8895404573768517,0.2481212201195097,44,0.8917172937690327,0.2565513869764575,0.0054851925695516,0.8910987527464459,0.25680051271672094,0.005635523137600144
byol,full,0.01,54,0.7612860539619232,0.13561223599038208,0.01461536910561666,0.7790479927872541,0.24875469755689364,0.7769127440318274,0.29402623662043986,12,0.7646774415451049,0.1375809328162351,0.012865328342162353,0.7640856858032571,0.13728971137334797,0.012930666424670728
byol,full,0.05,54,0.8224477541931148,0.17713919946685913,0.008873259950033489,0.8358891789617007,0.3255813173461559,0.8421209108673375,0.2416538252883369,31,0.826934859206623,0.17988438186932215,0.008256379987511407,0.8259721982040553,0.17904667217119763,0.00888666348627577
byol,full,0.1,54,0.8345472991342757,0.1952495582347712,0.01100665550819196,0.8631714762271837,0.36248976299975955,0.8593168696994179,0.2512058836934599,34,0.8417176956896106,0.1994909690122891,0.007925973584984935,0.8413422647214109,0.19860881610062223,0.008899053894434805
byol,full,0.25,54,0.859359121087326,0.22858820784115297,0.00843206743593586,0.8592179375650213,0.36723707610460243,0.8538584607273474,0.23799872957533622,40,0.8617411279903848,0.23008529444362702,0.007412677988926672,0.8603614767768363,0.22733390899186673,0.007616808787536849
byol,full,1.0,54,0.9258556226871398,0.3415222639773306,0.010815879040957942,0.9309411690325032,0.5283980785876897,0.9258556226871398,0.3415222639773306,44,0.9286149903350104,0.3409079723806492,0.0073387064036606635,0.9280550344284276,0.33850901178257026,0.007891604568659328
byol,frozen,0.01,71,0.7699605663876102,0.12333382399790555,0.010450462638883355,0.7804169188619642,0.24025455820190927,0.784100294851613,0.28875118136865074,12,0.7721270208178562,0.12930273247520244,0.011023702407287188,0.7712984310842685,0.129417914996374,0.010941743154634505
byol,frozen,0.05,71,0.8086305561175876,0.1729206032198192,0.006945914694553453,0.814473728263259,0.31775489567415016,0.8243620539643203,0.2447358973406678,30,0.8123713189890417,0.178950766797936,0.00671990181209284,0.8123952050046799,0.1792706271235728,0.006882379526111684
byol,frozen,0.1,71,0.8304105196860294,0.1803920716589064,0.007088470827490958,0.8264547177291754,0.31999884205281975,0.8286815900706769,0.22056282773591515,35,0.8374032508487734,0.18786126662514865,0.007113762851200921,0.8375556637153345,0.18865593651869997,0.00721874354512796
byol,frozen,0.25,71,0.8624775564456955,0.20965311349877203,0.0077701830508141775,0.846747701440658,0.35086077996132026,0.8572191651031591,0.22830022369193523,40,0.8645144632752232,0.2131517049304317,0.0074701457852897465,0.8638902130078442,0.21154769353418204,0.007523282476887
byol,frozen,1.0,71,0.8869365383445086,0.24351476991008594,0.007623247808171837,0.8626404532537684,0.3789320874809985,0.8869365383445086,0.24351476991008594,44,0.8866532509317365,0.2446642772768529,0.006391841047719605,0.8861294819055715,0.252464771107021,0.006520912815084046
byol,partial,0.01,71,0.7725113386903061,0.12619205808447106,0.01080891416551243,0.776145467801891,0.24835575486716016,0.7766041635149828,0.294739886782283,12,0.7729364582447658,0.13048239979500664,0.011028273756499568,0.7720848023582089,0.1306975004547943,0.011048828556464779
byol,partial,0.05,71,0.8136246224929071,0.1798326911835374,0.007806952563493558,0.8173576487123384,0.3187801090958424,0.8262868283866885,0.2522810487169473,30,0.8178238096357593,0.18639698391241452,0.006139597415230211,0.8177894092960071,0.18651326918748048,0.006384849824660871
byol,partial,0.1,71,0.8414027961848537,0.19602845004472302,0.007558917488226639,0.8338324900735352,0.3363299753235126,0.8416546443919392,0.242878981709145,35,0.8428662773254104,0.20466854009411223,0.006396424489229896,0.842675004047695,0.2052231318962949,0.006632397156119458
byol,partial,0.25,71,0.8575997124302848,0.21360800578871053,0.006771781158084361,0.8480606019677633,0.34951993790931835,0.8622884764646337,0.2333306570358941,40,0.8593857900992146,0.21486224708523183,0.006276135658512513,0.8584184078668968,0.212172981662272,0.00634821149731124
byol,partial,1.0,71,0.8984774686717089,0.2762677240010533,0.007768661836430304,0.8788549955912052,0.4057558251848875,0.8984774686717089,0.2762677240010533,44,0.9014983052593039,0.28303398118811085,0.006233454817667259,0.9015314655384542,0.2816874246169313,0.006565013014964775
byol,full,0.01,71,0.7561860563861663,0.12419797092668619,0.01222642740375787,0.7747031051191274,0.24303737529013933,0.7772339700100308,0.28248674759810966,12,0.7647275670143074,0.13288505017945243,0.010169149179753069,0.7630616611307023,0.13372432533971368,0.010136171812622375
byol,full,0.05,71,0.8015720932343552,0.18579397033013983,0.011427087162970069,0.8419753426936616,0.3368718942282492,0.8389865986605276,0.2622679487770651,30,0.8046276838655081,0.19047301764377195,0.0072722632900401795,0.7967433027684699,0.18747709960265155,0.008094244218615255
byol,full,0.1,71,0.8611912631612214,0.2195722151342488,0.012321810842407062,0.8648286837401594,0.3757896673384479,0.8636811171224116,0.2721409766362419,35,0.8622185280096655,0.22556261790056142,0.008064860665848883,0.8597656948158442,0.22441312150421996,0.009062692492764509
byol,full,0.25,71,0.8877631606781765,0.2505168226486008,0.008945064633611433,0.885029078838447,0.41285784426069455,0.8821151924742509,0.2738153565932177,40,0.8904267763115944,0.2527935725597509,0.007645104574004852,0.8894128681146285,0.2499053081075845,0.008349174013408794
byol,full,1.0,71,0.9325338761236011,0.366362900833661,0.00979016479485298,0.9313855983014085,0.5339048320991961,0.9325338761236011,0.366362900833661,44,0.9324797650630888,0.3725985834087054,0.0061232149003997574,0.9319966687434764,0.3703020358882329,0.006413053474044649
