method,protocol,fraction,mean_val_auroc_enc0e+00,mean_val_auroc_enc1e-04,mean_val_auroc_enc1e-03,mean_val_auroc_enc1e-02,selected_encoder_lr,selected_mean_val_auroc
baseline,full,0.01,,0.5739271697864656,0.5764834595437088,0.6627993433142912,0.01,0.6627993433142912
baseline,full,0.05,,0.6565368379772522,0.7339260879481957,0.7947387508695162,0.01,0.7947387508695162
baseline,full,0.1,,0.7149879514214966,0.7871500242619444,0.8310240396900889,0.01,0.8310240396900889
baseline,full,0.25,,0.7484964104742372,0.8152140200880695,0.853338073625555,0.01,0.853338073625555
baseline,full,1.0,,0.8704961565290988,0.9107083835001416,0.932348906944601,0.01,0.932348906944601
byol,frozen,0.01,0.7595774952358609,,,,0.0,0.7595774952358609
byol,frozen,0.05,0.809942496733861,,,,0.0,0.809942496733861
byol,frozen,0.1,0.8381020907274485,,,,0.0,0.8381020907274485
byol,frozen,0.25,0.8581765613933582,,,,0.0,0.8581765613933582
byol,frozen,1.0,0.8892273365135569,,,,0.0,0.8892273365135569
byol,full,0.01,,0.7471285369378724,0.7467058216968058,0.7064764339760442,0.0001,0.7471285369378724
byol,full,0.05,,0.8156535717218519,0.8318156514665471,0.8076971472023929,0.001,0.8318156514665471
byol,full,0.1,,0.841805394427734,0.8536995442426177,0.8269977217703411,0.001,0.8536995442426177
byol,full,0.25,,0.870804212462815,0.8788535795168336,0.8594180619622181,0.001,0.8788535795168336
byol,full,1.0,,0.9229871657397536,0.9295794647992542,0.9339100959835088,0.01,0.9339100959835088
byol,partial,0.01,,0.7584119875493743,0.7577948219569836,0.755778890327322,0.0001,0.7584119875493743
byol,partial,0.05,,0.8103178922753801,0.8099218676224705,0.8184930604312686,0.01,0.8184930604312686
byol,partial,0.1,,0.8308035216690087,0.8325310017537279,0.8367201147375307,0.01,0.8367201147375307
byol,partial,0.25,,0.8593569498403241,0.8580126042221302,0.8653384105043758,0.01,0.8653384105043758
byol,partial,1.0,,0.891525204302547,0.8959681750706676,0.896868998254285,0.01,0.896868998254285
denoise,frozen,0.01,0.6977286208690662,,,,0.0,0.6977286208690662
denoise,frozen,0.05,0.7849204786935645,,,,0.0,0.7849204786935645
denoise,frozen,0.1,0.8103662920006546,,,,0.0,0.8103662920006546
denoise,frozen,0.25,0.8471891877597578,,,,0.0,0.8471891877597578
denoise,frozen,1.0,0.8817711204528783,,,,0.0,0.8817711204528783
denoise,full,0.01,,0.7088680788491764,0.7292568479365672,0.6536437283283149,0.001,0.7292568479365672
denoise,full,0.05,,0.8114381566394223,0.8160858133839993,0.8046135342036971,0.001,0.8160858133839993
denoise,full,0.1,,0.8357450715854625,0.8413407782670178,0.8224180926991815,0.001,0.8413407782670178
denoise,full,0.25,,0.8692662204249663,0.8785959834271644,0.8573418093497996,0.001,0.8785959834271644
denoise,full,1.0,,0.917599807129193,0.9297773553371377,0.9336577916700256,0.01,0.9336577916700256
denoise,partial,0.01,,0.7000464983163059,0.7064615253914176,0.7053021686663694,0.001,0.7064615253914176
denoise,partial,0.05,,0.7975417782837738,0.8014867744689482,0.8012586036412905,0.001,0.8014867744689482
denoise,partial,0.1,,0.8188924236893627,0.8253169035947621,0.8261146526960815,0.01,0.8261146526960815
denoise,partial,0.25,,0.856842025106649,0.8576817834791134,0.8576337775858676,0.001,0.8576817834791134
denoise,partial,1.0,,0.8891630801926819,0.8972514002987508,0.8972799281810112,0.01,0.8972799281810112
mask,frozen,0.01,0.7170784428398663,,,,0.0,0.7170784428398663
mask,frozen,0.05,0.7875810426403943,,,,0.0,0.7875810426403943
mask,frozen,0.1,0.8212628299790411,,,,0.0,0.8212628299790411
mask,frozen,0.25,0.840000091933189,,,,0.0,0.840000091933189
mask,frozen,1.0,0.8708607808700047,,,,0.0,0.8708607808700047
mask,full,0.01,,0.7260862150275927,0.7344668230201069,0.7075044349665532,0.001,0.7344668230201069
mask,full,0.05,,0.8019701828213736,0.8197047604922231,0.7619512325905631,0.001,0.8197047604922231
mask,full,0.1,,0.8301700637925887,0.8459833848748587,0.8110066537558153,0.001,0.8459833848748587
mask,full,0.25,,0.8567131234390057,0.8775633263837932,0.8347478725045879,0.001,0.8775633263837932
mask,full,1.0,,0.9200201772664488,0.9307609695983428,0.9338382595525653,0.01,0.9338382595525653
mask,partial,0.01,,0.7180427649471243,0.7224850510568985,0.7286788782277124,0.01,0.7286788782277124
mask,partial,0.05,,0.7880547597543252,0.7909520353859198,0.7989717283219812,0.01,0.7989717283219812
mask,partial,0.1,,0.820726102967637,0.8233824192550226,0.8308958998610901,0.01,0.8308958998610901
mask,partial,0.25,,0.8422829376314289,0.8455987179781735,0.8493870925638966,0.01,0.8493870925638966
mask,partial,1.0,,0.8757361243972629,0.8892541004631499,0.8915094774828868,0.01,0.8915094774828868
simclr,frozen,0.01,0.7070064455027079,,,,0.0,0.7070064455027079
simclr,frozen,0.05,0.8026991194105347,,,,0.0,0.8026991194105347
simclr,frozen,0.1,0.832253236824052,,,,0.0,0.832253236824052
simclr,frozen,0.25,0.8591406281074933,,,,0.0,0.8591406281074933
simclr,frozen,1.0,0.886637293274708,,,,0.0,0.886637293274708
simclr,full,0.01,,0.709002097558951,0.7241640160467853,0.7109032827675338,0.001,0.7241640160467853
simclr,full,0.05,,0.8126745952207303,0.8270465337148986,0.7894785290583792,0.001,0.8270465337148986
simclr,full,0.1,,0.8580231181305535,0.8638441195237849,0.8223452999973038,0.001,0.8638441195237849
simclr,full,0.25,,0.8803115403006617,0.8803786307797643,0.8559941303128505,0.001,0.8803786307797643
simclr,full,1.0,,0.9277935883923089,0.9321564689798825,0.9356359454408564,0.01,0.9356359454408564
simclr,partial,0.01,,0.6910978258893105,0.6923593103588587,0.6996338192819854,0.01,0.6996338192819854
simclr,partial,0.05,,0.8030964815132187,0.8014140356567364,0.8078304119938021,0.01,0.8078304119938021
simclr,partial,0.1,,0.8359075239873998,0.8353078881329578,0.8402877477699323,0.01,0.8402877477699323
simclr,partial,0.25,,0.8625762044353236,0.8626519847832469,0.8656715224365182,0.01,0.8656715224365182
simclr,partial,1.0,,0.8884074303072155,0.8951110187192909,0.8961745622905317,0.01,0.8961745622905317
